domain,n,hosting,model,data,anm
arxiv.org,1960,,,,
github.com,1845,,,,
drive.google.com,936,x,,,
pytorch.org,323,,,,
pan.baidu.com,200,x,,,
openaccess.thecvf.com,117,,,,
www.youtube.com,117,,,,
www.tensorflow.org,115,,,,
www.dropbox.com,111,x,,,
www.anaconda.com,95,,,,
colab.research.google.com,80,,,,
sites.google.com,80,,,,
www.aclweb.org,77,,,,
openreview.net,74,,,,
youtu.be,72,,,,
developer.nvidia.com,70,,,,
ieeexplore.ieee.org,65,,,,
gist.github.com,64,,,,
1drv.ms,61,x,,,
www.cvlibs.net,58,,,,
cocodataset.org,56,,,x,
pypi.org,54,,,,
scholar.google.com,54,,,,
doi.org,50,,,,
www.python.org,50,,,,
www.kaggle.com,49,,,x,
creativecommons.org,48,,,,
storage.googleapis.com,47,x,,,
paperswithcode.com,46,,,,
papers.nips.cc,45,,,,
en.wikipedia.org,44,,,,
zenodo.org,43,x,,,
raw.githubusercontent.com,42,x,,,
travis-ci.org,41,,,,
www.cityscapes-dataset.com,41,,,x,
opensource.org,38,,,,
www.robots.ox.ac.uk,38,,,x,
dl.fbaipublicfiles.com,35,x,,,
nlp.stanford.edu,35,x,,,
docs.nvidia.com,33,,,,
mmlab.ie.cuhk.edu.hk,30,,,x,
www.cs.toronto.edu,28,,,x,
docs.conda.io,27,,,,
docs.google.com,27,,,,
www.vision.caltech.edu,25,,,x,
host.robots.ox.ac.uk,24,,,,
cloud.google.com,23,,,,
huggingface.co,23,x,,,
cs.stanford.edu,22,,,,"papers und datasets, aber Ã¶fter papers"
circleci.com,21,,,,
competitions.codalab.org,21,,,,
pjreddie.com,21,x,,,
www.numpy.org,21,,,,
allennlp.org,20,,,,
anaconda.org,20,,,,
data.vision.ee.ethz.ch,20,,,,
download.pytorch.org,20,,,,
lmb.informatik.uni-freiburg.de,20,,,,
twitter.com,20,,,,
www.cs.cmu.edu,20,,,,
www.microsoft.com,20,,,,
opencv.org,19,,,,
www.linkedin.com,19,,,,
aclweb.org,18,,,,
groups.google.com,18,,,,
www.image-net.org,18,,,,
image-net.org,17,,,,
www.sciencedirect.com,17,,,,
conda.io,16,,,,
gluebenchmark.com,16,,,,
hub.docker.com,16,,,,
opensource.microsoft.com,16,,,,
s3.amazonaws.com,16,,,,
www.researchgate.net,16,,,,
link.springer.com,15,,,,
people.eecs.berkeley.edu,15,,,,
scikit-learn.org,15,,,,
cs.nyu.edu,14,,,,
evalai.cloudcv.org,14,,,,
homepages.inf.ed.ac.uk,14,,,,
lgtm.com,14,,,,
software.intel.com,14,,,,
vision.imar.ro,14,,,,
bit.ly,13,,,,
homes.cs.washington.edu,13,,,,
localhost,13,,,,
mega.nz,13,,,,
badge.fury.io,12,,,,
bitbucket.org,12,,,,
cloudstor.aarnet.edu.au,12,,,,
docs.docker.com,12,,,,
medium.com,12,,,,
pypi.python.org,12,,,,
towardsdatascience.com,12,,,,
tvm.ai,12,,,,
www.cs.cornell.edu,12,,,,
www.gnu.org,12,,,,
cmake.org,11,,,,
devblogs.nvidia.com,11,,,,
dl.acm.org,11,,,,
download.tensorflow.org,11,,,,
news.developer.nvidia.com,11,,,,
pandas.pydata.org,11,,,,
rajpurkar.github.io,11,,,,
s3-us-west-2.amazonaws.com,11,,,,
sceneparsing.csail.mit.edu,11,,,,
tfhub.dev,11,,,,
visualstudio.microsoft.com,11,,,,
zhuanlan.zhihu.com,11,,,,
ai.stanford.edu,10,,,,
ci.appveyor.com,10,,,,
cvpr2020.thecvf.com,10,,,,
download.visinf.tu-darmstadt.de,10,,,,
hsto.org,10,,,,
itunes.apple.com,10,,,,
keras.io,10,,,,
people.csail.mit.edu,10,,,,
proceedings.mlr.press,10,,,,
share.weiyun.com,10,,,,
shuoyang1213.me,10,,,,
spacy.io,10,,,,
stanfordnlp.github.io,10,,,,
travis-ci.com,10,,,,
user-images.githubusercontent.com,10,,,,
visualstudio.com,10,,,,
www.ccoderun.ca,10,,,,
www.ncbi.nlm.nih.gov,10,,,,
www.reddit.com,10,,,,
www.shapenet.org,10,,,,
caffe.berkeleyvision.org,9,,,,
cla.opensource.microsoft.com,9,,,,
hkustconnect-my.sharepoint.com,9,,,,
mmcheng.net,9,,,,
stackoverflow.com,9,,,,
www.apache.org,9,,,,
www.bilibili.com,9,,,,
20bn.com,8,,,,
ai.googleblog.com,8,,,,
catalog.ldc.upenn.edu,8,,,,
coveralls.io,8,,,,
gitter.im,8,,,,
groups.csail.mit.edu,8,,,,
human-pose.mpi-inf.mpg.de,8,,,,
img.shields.io,8,,,,
lingxixie.com,8,,,,
pdfs.semanticscholar.org,8,,,,
pepy.tech,8,,,,
rrc.cvc.uab.es,8,,,,
staff.ustc.edu.cn,8,,,,
www.cv-foundation.org,8,,,,
www.ijcai.org,8,,,,
www.liangzheng.com.cn,8,,,,
www.nltk.org,8,,,,
ai.facebook.com,7,,,,
archive.ics.uci.edu,7,,,,
blog.openai.com,7,,,,
code.google.com,7,,,,
codecov.io,7,,,,
data.csail.mit.edu,7,,,,
davischallenge.org,7,,,,
docs.anaconda.com,7,,,,
domedb.perception.cs.cmu.edu,7,,,,
faculty.ucmerced.edu,7,,,,
fasttext.cc,7,,,,
filebox.ece.vt.edu,7,,,,
hal.archives-ouvertes.fr,7,,,,
home.bharathh.info,7,,,,
ibug.doc.ic.ac.uk,7,,,,
iclr.cc,7,,,,
images.cocodataset.org,7,,,,
jankautz.com,7,,,,
jupyter.org,7,,,,
mingyuliu.net,7,,,,
mscoco.org,7,,,,
nbviewer.jupyter.org,7,,,,
nvlabs.github.io,7,,,,
places2.csail.mit.edu,7,,,,
research.nvidia.com,7,,,,
sintel.is.tue.mpg.de,7,,,,
ucdavis365-my.sharepoint.com,7,,,,
virtualenv.pypa.io,7,,,,
webee.technion.ac.il,7,,,,
worksheets.codalab.org,7,,,,
www.cbsr.ia.ac.cn,7,,,,
www.openslr.org,7,,,,
yknzhu.wixsite.com,7,,,,
yue-cao.me,7,,,,
crcv.ucf.edu,6,,,,
disi.unitn.it,6,,,,
docs.microsoft.com,6,,,,
dumps.wikimedia.org,6,,,,
faculty.cs.tamu.edu,6,,,,
motchallenge.net,6,,,,
places.csail.mit.edu,6,,,,
research.google.com,6,,,,
scholar.google.com.hk,6,,,,
ufldl.stanford.edu,6,,,,
visualdialog.org,6,,,,
visualgenome.org,6,,,,
www.cs.ucr.edu,6,,,,
www.cse.cuhk.edu.hk,6,,,,
www.mathworks.com,6,,,,
www.mdpi.com,6,,,,
www.ukp.tu-darmstadt.de,6,,,,
www.visuallocalization.net,6,,,,
128.84.21.199,5,,,,
bdd-data.berkeley.edu,5,,,,
buildingparser.stanford.edu,5,,,,
citeseerx.ist.psu.edu,5,,,,
cla.microsoft.com,5,,,,
commoncrawl.org,5,,,,
cs.adelaide.edu.au,5,,,,
cv.snu.ac.kr,5,,,,
deepmind.com,5,,,,
detectron2.readthedocs.io,5,,,,
dx.doi.org,5,,,,
fairseq.readthedocs.io,5,,,,
git-lfs.github.com,5,,,,
gitlab.com,5,,,,
goo.gl,5,,,,
hanlab.mit.edu,5,,,,
imagine.enpc.fr,5,,,,
join.slack.com,5,,,,
keithito.com,5,,,,
kpzhang93.github.io,5,,,,
ls11-www.cs.tu-dortmund.de,5,,,,
matplotlib.org,5,,,,
modelrelease.blob.core.windows.net,5,,,,
mxnet.incubator.apache.org,5,,,,
mybinder.org,5,,,,
niessner.github.io,5,,,,
nlp.fast.ai,5,,,,
nv-adlr.github.io,5,,,,
nvidia.github.io,5,,,,
openai.com,5,,,,
opus.nlpl.eu,5,,,,
pillow.readthedocs.io,5,,,,
polybox.ethz.ch,5,,,,
public.ukp.informatik.tu-darmstadt.de,5,,,,
sigsep.github.io,5,,,,
tensorboard.dev,5,,,,
tensorflow.org,5,,,,
tiny-imagenet.herokuapp.com,5,,,,
universaldependencies.org,5,,,,
users.aalto.fi,5,,,,
virtualhumans.mpi-inf.mpg.de,5,,,,
www.biorxiv.org,5,,,,
www.clips.uantwerpen.be,5,,,,
www.crcv.ucf.edu,5,,,,
www.docker.com,5,,,,
www.github.com,5,,,,
www.med.upenn.edu,5,,,,
www.meshlab.net,5,,,,
www.msmarco.org,5,,,,
www.open3d.org,5,,,,
www.scipy.org,5,,,,
www.vision.ee.ethz.ch,5,,,,
www.vlfeat.org,5,,,,
yann.lecun.com,5,,,,
youtube-vos.org,5,,,,
allenai.org,4,,,,
app.wandb.ai,4,,,,
blog.csdn.net,4,,,,
chainer.org,4,,,,
chunyuan.li,4,,,,
cloud.tsinghua.edu.cn,4,,,,
colab.sandbox.google.com,4,,,,
cseweb.ucsd.edu,4,,,,
cvgl.stanford.edu,4,,,,
cvpr2019.thecvf.com,4,,,,
datashare.is.ed.ac.uk,4,,,,
disk.pku.edu.cn,4,,,,
dl.dropbox.com,4,,,,
dlib.net,4,,,,
drivendata.github.io,4,,,,
europe.naverlabs.com,4,,,,
forms.gle,4,,,,
gluon-cv.mxnet.io,4,,,,
graphics.stanford.edu,4,,,,
gvv.mpi-inf.mpg.de,4,,,,
gym.openai.com,4,,,,
hits.dwyl.com,4,,,,
hits.dwyl.io,4,,,,
hotpotqa.github.io,4,,,,
iccv2019.thecvf.com,4,,,,
jiaya.me,4,,,,
joeynmt.readthedocs.io,4,,,,
kaiyangzhou.github.io,4,,,,
liangchiehchen.com,4,,,,
lttm.dei.unipd.it,4,,,,
microsoft.github.io,4,,,,
mimic.physionet.org,4,,,,
mocap.cs.cmu.edu,4,,,,
models.tensorpack.com,4,,,,
neurips.cc,4,,,,
nlp.cs.washington.edu,4,,,,
nlp.seas.harvard.edu,4,,,,
numpy.org,4,,,,
onedrive.live.com,4,,,,
opennmt.net,4,,,,
participants-area.bioasq.org,4,,,,
people.ucas.ac.cn,4,,,,
physionet.org,4,,,,
posetrack.net,4,,,,
radiopaedia.org,4,,,,
research.fb.com,4,,,,
sacred.readthedocs.io,4,,,,
saliencydetection.net,4,,,,
scikit-image.org,4,,,,
shapenet.cs.stanford.edu,4,,,,
shikhar-vashishth.github.io,4,,,,
songbai.site,4,,,,
statmt.org,4,,,,
vis-www.cs.umass.edu,4,,,,
visualqa.org,4,,,,
vllab.ucmerced.edu,4,,,,
web.eecs.umich.edu,4,,,,
web.stanford.edu,4,,,,
wiki.cancerimagingarchive.net,4,,,,
wj.qq.com,4,,,,
www.cis.upenn.edu,4,,,,
www.continuum.io,4,,,,
www.cs.tau.ac.il,4,,,,
www.cs.ubc.ca,4,,,,
www.cs.unc.edu,4,,,,
www.cs.utexas.edu,4,,,,
www.ee.cuhk.edu.hk,4,,,,
www.facebook.com,4,,,,
www.google.com,4,,,,
www.i2b2.org,4,,,,
www.liangzheng.org,4,,,,
www.lrec-conf.org,4,,,,
www.miccai2019.org,4,,,,
www.nature.com,4,,,,
www.statmt.org,4,,,,
wywu.github.io,4,,,,
xiaozhichen.github.io,4,,,,
yangxue0827.github.io,4,,,,
zicokolter.com,4,,,,
127.0.0.1,3,,,,
47.100.21.47,3,,,,
ai.google,3,,,,
bastings.github.io,3,,,,
beam.apache.org,3,,,,
biocreative.bioinformatics.udel.edu,3,,,,
blogs.cornell.edu,3,,,,
bmvc2019.org,3,,,,
braintumorsegmentation.org,3,,,,
brew.sh,3,,,,
cg.cs.tsinghua.edu.cn,3,,,,
challenge2018.isic-archive.com,3,,,,
cloud.dfki.de,3,,,,
cloud.docker.com,3,,,,
cmu.box.com,3,,,,
console.cloud.google.com,3,,,,
convai.io,3,,,,
cs.jhu.edu,3,,,,
cs.uky.edu,3,,,,
cvit.iiit.ac.in,3,,,,
d4mucfpksywv.cloudfront.net,3,,,,
dali.eecs.qmul.ac.uk,3,,,,
data.bris.ac.uk,3,,,,
detectron2.readthedocs.org,3,,,,
dev.azure.com,3,,,,
docs.chainer.org,3,,,,
docs.python.org,3,,,,
dpfan.net,3,,,,
entuedu-my.sharepoint.com,3,,,,
facebookresearch.github.io,3,,,,
fastmri.org,3,,,,
figshare.com,3,,,,
files.pushshift.io,3,,,,
genforce.github.io,3,,,,
ghassanalregib.com,3,,,,
ghli.org,3,,,,
git-scm.com,3,,,,
glm.g-truc.net,3,,,,
hal.inria.fr,3,,,,
hci.iwr.uni-heidelberg.de,3,,,,
hdl.handle.net,3,,,,
help.github.com,3,,,,
htmlpreview.github.io,3,,,,
icvl.ee.ic.ac.uk,3,,,,
iesl.cs.umass.edu,3,,,,
im2recipe.csail.mit.edu,3,,,,
imatge.upc.edu,3,,,,
imperialcollegelondon.app.box.com,3,,,,
jbox.sjtu.edu.cn,3,,,,
jingdongwang2017.github.io,3,,,,
jwbian.net,3,,,,
kaldi-asr.org,3,,,,
kaldir.vc.in.tum.de,3,,,,
kilian.cs.cornell.edu,3,,,,
lpcv.ai,3,,,,
martin-danelljan.github.io,3,,,,
medicaldecathlon.com,3,,,,
medicalsegmentation.com,3,,,,
ml.cs.tsinghua.edu.cn,3,,,,
modelnet.cs.princeton.edu,3,,,,
mohammadmahoor.com,3,,,,
moments.csail.mit.edu,3,,,,
mrbrains18.isi.uu.nl,3,,,,
mvig.sjtu.edu.cn,3,,,,
nihcc.app.box.com,3,,,,
peiliangli.github.io,3,,,,
people.ee.ethz.ch,3,,,,
personal.ie.cuhk.edu.hk,3,,,,
pip.pypa.io,3,,,,
ray.readthedocs.io,3,,,,
repo.continuum.io,3,,,,
researchmap.jp,3,,,,
roboimagedata.compute.dtu.dk,3,,,,
rose1.ntu.edu.sg,3,,,,
scholar.google.ca,3,,,,
semantic-kitti.org,3,,,,
shanghuagao.oss-cn-beijing.aliyuncs.com,3,,,,
shmsw25.github.io,3,,,,
sourcerer.io,3,,,,
stanfordmlgroup.github.io,3,,,,
storage.cloud.google.com,3,,,,
susanqq.github.io,3,,,,
toflow.csail.mit.edu,3,,,,
torch.ch,3,,,,
transacl.org,3,,,,
trec.nist.gov,3,,,,
tvqa.cs.unc.edu,3,,,,
uav.ust.hk,3,,,,
vcl3d.github.io,3,,,,
vision.stanford.edu,3,,,,
web.cs.ucdavis.edu,3,,,,
webia.lip6.fr,3,,,,
wiki.ros.org,3,,,,
wit3.fbk.eu,3,,,,
www.biocreative.org,3,,,,
www.cl.uni-heidelberg.de,3,,,,
www.codacy.com,3,,,,
www.crowdhuman.org,3,,,,
www.cs.binghamton.edu,3,,,,
www.cs.princeton.edu,3,,,,
www.cs.rochester.edu,3,,,,
www.cse.yorku.ca,3,,,,
www.cvc.uab.es,3,,,,
www.deepgcns.org,3,,,,
www.dgl.ai,3,,,,
www.dji.com,3,,,,
www.eecs.ucf.edu,3,,,,
www.ffmpeg.org,3,,,,
www.fki.inf.unibe.ch,3,,,,
www.flickr.com,3,,,,
www.h5py.org,3,,,,
www.ijcnn.org,3,,,,
www.jmlr.org,3,,,,
www.lvisdataset.org,3,,,,
www.medrxiv.org,3,,,,
www.mesa3d.org,3,,,,
www.opengl.org,3,,,,
www.pyimagesearch.com,3,,,,
www.pytorch.org,3,,,,
www.scan-net.org,3,,,,
www.seas.upenn.edu,3,,,,
www.sirm.org,3,,,,
www.socher.org,3,,,,
www.stat.ucla.edu,3,,,,
www.visinf.tu-darmstadt.de,3,,,,
www.vivekjayaram.com,3,,,,
www1.ece.neu.edu,3,,,,
www1.icsi.berkeley.edu,3,,,,
www2.eecs.berkeley.edu,3,,,,
xiaodongyang.org,3,,,,
yaml.org,3,,,,
yuhuixu1993.github.io,3,,,,
40.71.23.172,2,,,,
aaai.org,2,,,,
academic.oup.com,2,,,,
academictorrents.com,2,,,,
activity-net.org,2,,,,
adni.loni.usc.edu,2,,,,
agas.uni-koblenz.de,2,,,,
ai.aioz.io,2,,,,
ai.bu.edu,2,,,,
ai2-s2-research.s3-us-west-2.amazonaws.com,2,,,,
ai2-website.s3.amazonaws.com,2,,,,
aihabitat.org,2,,,,
aka.ms,2,,,,
aleksispi.github.io,2,,,,
allenai.github.io,2,,,,
allgood.cs.washington.edu,2,,,,
alpc91.github.io,2,,,,
alterzero.github.io,2,,,,
amdimmodels.blob.core.windows.net,2,,,,
ancientmooner.github.io,2,,,,
aquarium.h2o.ai,2,,,,
arno.solin.fi,2,,,,
arrow.apache.org,2,,,,
arunmallya.com,2,,,,
arxiv.xilesou.top,2,,,,
autonomousvision.github.io,2,,,,
ax.dev,2,,,,
azure.microsoft.com,2,,,,
baidut.github.io,2,,,,
baike.baidu.com,2,,,,
bcsiriuschen.github.io,2,,,,
bern.korea.ac.kr,2,,,,
bintray.com,2,,,,
blog.einstein.ai,2,,,,
bmvc2018.org,2,,,,
bokeh.pydata.org,2,,,,
bootstrap.pypa.io,2,,,,
box.vicos.si,2,,,,
brat.nlplab.org,2,,,,
bringmeaspoon.org,2,,,,
bryanrussell.org,2,,,,
bsnlp.cs.helsinki.fi,2,,,,
catanzaro.name,2,,,,
cedric.cnam.fr,2,,,,
chainer-chemistry.readthedocs.io,2,,,,
challenge.kitware.com,2,,,,
challenger.ai,2,,,,
chenyangh.com,2,,,,
chihyaoma.github.io,2,,,,
choosealicense.com,2,,,,
chrisding.github.io,2,,,,
chs.asu.edu,2,,,,
cm.cecs.anu.edu.au,2,,,,
coai.cs.tsinghua.edu.cn,2,,,,
code2vec.org,2,,,,
codebeat.co,2,,,,
codeclimate.com,2,,,,
concept.research.microsoft.com,2,,,,
conll.cemantix.org,2,,,,
content.sniklaus.com,2,,,,
convaisharables.blob.core.windows.net,2,,,,
covidask.korea.ac.kr,2,,,,
cs.cmu.edu,2,,,,
csdwren.github.io,2,,,,
csiro-robotics.github.io,2,,,,
csqlwang.github.io,2,,,,
ctt.ac,2,,,,
cvil.eecs.yorku.ca,2,,,,
cython.org,2,,,,
dai-lab.github.io,2,,,,
data.statmt.org,2,,,,
databank.illinois.edu,2,,,,
datasets.d2.mpi-inf.mpg.de,2,,,,
dblp.org,2,,,,
dblp.uni-trier.de,2,,,,
deep-geometry.github.io,2,,,,
deepyeti.ucsd.edu,2,,,,
demo.ocr.clova.ai,2,,,,
developer.android.com,2,,,,
developer.ibm.com,2,,,,
developer.twitter.com,2,,,,
diglib.eg.org,2,,,,
dmis.korea.ac.kr,2,,,,
doc-opensvai.readthedocs.io,2,,,,
docs.continuum.io,2,,,,
docs.enthought.com,2,,,,
docs.gunicorn.org,2,,,,
docs.h5py.org,2,,,,
docs.opencv.org,2,,,,
docs.scipy.org,2,,,,
dovahkiin.stanford.edu,2,,,,
dreamdragon.github.io,2,,,,
dtsbourg.me,2,,,,
ece.uwaterloo.ca,2,,,,
eigen.tuxfamily.org,2,,,,
en.horizon.ai,2,,,,
eprint.iacr.org,2,,,,
faculty.ist.psu.edu,2,,,,
fastjet.fr,2,,,,
fcav.engin.umich.edu,2,,,,
ffmpeg.org,2,,,,
figshare.shef.ac.uk,2,,,,
file.lzhu.me,2,,,,
flake8.pycqa.org,2,,,,
ftp.ncbi.nlm.nih.gov,2,,,,
gartner.io,2,,,,
gazefollow.csail.mit.edu,2,,,,
geometry.stanford.edu,2,,,,
google.github.io,2,,,,
graduatestudents.ucmerced.edu,2,,,,
grail.cs.washington.edu,2,,,,
graphvite.io,2,,,,
groups.inf.ed.ac.uk,2,,,,
guanghan.info,2,,,,
gvgai.net,2,,,,
hacs.csail.mit.edu,2,,,,
haozhi.io,2,,,,
helikoid.si,2,,,,
hiteducn0-my.sharepoint.com,2,,,,
hobbitlong.github.io,2,,,,
homepage.hit.edu.cn,2,,,,
horatio.cs.nyu.edu,2,,,,
hszhao.github.io,2,,,,
http,2,,,,
https,2,,,,
hzfu.github.io,2,,,,
i.cs.hku.hk,2,,,,
i.ibb.co,2,,,,
i2u.world,2,,,,
icedrive.net,2,,,,
idd.insaan.iiit.ac.in,2,,,,
ieee-dataport.org,2,,,,
iiitaphyd-my.sharepoint.com,2,,,,
ils.unc.edu,2,,,,
im.itu.edu.pk,2,,,,
inf.ufes.br,2,,,,
ise.thss.tsinghua.edu.cn,2,,,,
ivi.fnwi.uva.nl,2,,,,
jalammar.github.io,2,,,,
java.com,2,,,,
jcyk.github.io,2,,,,
jerryxu.net,2,,,,
jhmdb.is.tue.mpg.de,2,,,,
joblib.readthedocs.io,2,,,,
joss.theoj.org,2,,,,
jspan.github.io,2,,,,
kailigo.github.io,2,,,,
kakaobrain.com,2,,,,
kelvins.esa.int,2,,,,
klab.tch.harvard.edu,2,,,,
krrish94.github.io,2,,,,
leaderboard.allenai.org,2,,,,
levyomer.wordpress.com,2,,,,
liangzheng.com.cn,2,,,,
lil.nlp.cornell.edu,2,,,,
liuguilin1225.github.io,2,,,,
live.ece.utexas.edu,2,,,,
livejohnshopkins-my.sharepoint.com,2,,,,
lms.comp.nus.edu.sg,2,,,,
lu.box.com,2,,,,
lucasb.eyer.be,2,,,,
madm.dfki.de,2,,,,
majedelhelou.github.io,2,,,,
manikvarma.org,2,,,,
mano.is.tue.mpg.de,2,,,,
masakhane.io,2,,,,
masc.cs.gmu.edu,2,,,,
matthias.pw,2,,,,
media.xiph.org,2,,,,
mi.eng.cam.ac.uk,2,,,,
mindboggle.info,2,,,,
minidungeons.com,2,,,,
mipt-ml.oulu.fi,2,,,,
mit.edu,2,,,,
mitchellnw.github.io,2,,,,
mmlab.siat.ac.cn,2,,,,
modar.me,2,,,,
moleculenet.ai,2,,,,
mp.weixin.qq.com,2,,,,
mrbrains13.isi.uu.nl,2,,,,
mxnet.apache.org,2,,,,
mycuhk-my.sharepoint.com,2,,,,
nervanasystems.github.io,2,,,,
netdissect.csail.mit.edu,2,,,,
nihcc.box.com,2,,,,
nlds.soe.ucsc.edu,2,,,,
nlp.cs.illinois.edu,2,,,,
nlp.cs.nyu.edu,2,,,,
nlp1.cs.unc.edu,2,,,,
noise.visinf.tu-darmstadt.de,2,,,,
nv-tlabs.github.io,2,,,,
observablehq.com,2,,,,
open-mmlab.s3.ap-northeast-2.amazonaws.com,2,,,,
openjdk.java.net,2,,,,
osf.io,2,,,,
packaging.python.org,2,,,,
pan.bitahub.com,2,,,,
pan.iflytek.com,2,,,,
parl.ai,2,,,,
pdollar.github.io,2,,,,
people.cs.umass.edu,2,,,,
personal.ee.surrey.ac.uk,2,,,,
phuang17.github.io,2,,,,
poker.cs.ualberta.ca,2,,,,
preferredresearch.jp,2,,,,
prints.vicos.si,2,,,,
privacy.microsoft.com,2,,,,
problemsolvingwithpython.com,2,,,,
projector.tensorflow.org,2,,,,
prs.igp.ethz.ch,2,,,,
ps.is.tuebingen.mpg.de,2,,,,
ptrckprz.github.io,2,,,,
pubchem.ncbi.nlm.nih.gov,2,,,,
pubs.acs.org,2,,,,
pwang.pw,2,,,,
python.org,2,,,,
pytorch-geometric.readthedocs.io,2,,,,
pyyaml.org,2,,,,
qiita.com,2,,,,
radimrehurek.com,2,,,,
ral.ucar.edu,2,,,,
remicadene.com,2,,,,
research.altizure.com,2,,,,
rgbd.cs.princeton.edu,2,,,,
riceric22.github.io,2,,,,
richardcsaky,2,,,,
ricsinaruto.github.io,2,,,,
roboimagedata2.compute.dtu.dk,2,,,,
robotics.iiit.ac.in,2,,,,
rodrigoberriel.com,2,,,,
rose.ntu.edu.sg,2,,,,
roseyu.com,2,,,,
rse-lab.cs.washington.edu,2,,,,
saeed-anwar.github.io,2,,,,
saliency.mit.edu,2,,,,
schweter.eu,2,,,,
senyang-ml.github.io,2,,,,
serre-lab.clps.brown.edu,2,,,,
server.trento.cs.edu,2,,,,
shannon.cs.illinois.edu,2,,,,
shapenet.org,2,,,,
share.crowdbenchmark.com,2,,,,
sist.shanghaitech.edu.cn,2,,,,
sites.duke.edu,2,,,,
slurm.schedmd.com,2,,,,
smplify.is.tue.mpg.de,2,,,,
snap.stanford.edu,2,,,,
soundcloud.com,2,,,,
spaces.ac.cn,2,,,,
stable-baselines.readthedocs.io,2,,,,
stanford.edu,2,,,,
swpark.me,2,,,,
synthia-dataset.net,2,,,,
sysu-hcp.net,2,,,,
t.me,2,,,,
tamaraberg.com,2,,,,
tcwang0509.github.io,2,,,,
thomwolf,2,,,,
tiny.cc,2,,,,
trec-car.cs.unh.edu,2,,,,
ui.adsabs.harvard.edu,2,,,,
uofi.box.com,2,,,,
uofmacau-my.sharepoint.com,2,,,,
uofr-my.sharepoint.com,2,,,,
urialon.cswp.cs.technion.ac.il,2,,,,
user.it.uu.se,2,,,,
userweb.cs.txstate.edu,2,,,,
v-iashin.github.io,2,,,,
v-sense.scss.tcd.ie,2,,,,
varunjampani.github.io,2,,,,
vcl.ucsd.edu,2,,,,
vehiclereid.github.io,2,,,,
vimeo.com,2,,,,
vinai.io,2,,,,
vinthony.github.io,2,,,,
vision.aioz.io,2,,,,
vision.caltech.edu,2,,,,
vision.cs.duke.edu,2,,,,
vision.cs.utexas.edu,2,,,,
vision.snu.ac.kr,2,,,,
vision.uvic.ca,2,,,,
visualcommonsense.com,2,,,,
wasp-sweden.org,2,,,,
web.mit.edu,2,,,,
web.northeastern.edu,2,,,,
webdocs.cs.ualberta.ca,2,,,,
weiwangtrento.github.io,2,,,,
weizhepei.com,2,,,,
wordnet.princeton.edu,2,,,,
wuhuikai.me,2,,,,
wvvw.aaai.org,2,,,,
www-i6.informatik.rwth-aachen.de,2,,,,
www-personal.umich.edu,2,,,,
www-scf.usc.edu,2,,,,
www.aaai.org,2,,,,
www.acl2019.org,2,,,,
www.adrianbulat.com,2,,,,
www.aicitychallenge.org,2,,,,
www.allenai.org,2,,,,
www.analyticsvidhya.com,2,,,,
www.andreyryabtsev.com,2,,,,
www.arxiv-vanity.com,2,,,,
www.bioinf.jku.at,2,,,,
www.blender.org,2,,,,
www.cbi.gatech.edu,2,,,,
www.cc.gatech.edu,2,,,,
www.cis.umac.mo,2,,,,
www.cl.cam.ac.uk,2,,,,
www.clinica.run,2,,,,
www.cluebenchmark.com,2,,,,
www.codecogs.com,2,,,,
www.codefactor.io,2,,,,
www.crowdai.org,2,,,,
www.cs.columbia.edu,2,,,,
www.cs.ox.ac.uk,2,,,,
www.cs.technion.ac.il,2,,,,
www.csail.mit.edu,2,,,,
www.dangerousdave.com,2,,,,
www.data.gouv.fr,2,,,,
www.doxygen.org,2,,,,
www.drugbank.ca,2,,,,
www.eecs.berkeley.edu,2,,,,
www.eecs.yorku.ca,2,,,,
www.epfl.ch,2,,,,
www.ericswallace.com,2,,,,
www.europeana.eu,2,,,,
www.faceaginggroup.com,2,,,,
www.fast.ai,2,,,,
www.fregu856.com,2,,,,
www.gcqian.com,2,,,,
www.googleapis.com,2,,,,
www.gradio.app,2,,,,
www.guandaoyang.com,2,,,,
www.gurobi.com,2,,,,
www.h2o.ai,2,,,,
www.hdfgroup.org,2,,,,
www.hydroshare.org,2,,,,
www.ifp.illinois.edu,2,,,,
www.imperial.ac.uk,2,,,,
www.inf.ufes.br,2,,,,
www.inf.uni-hamburg.de,2,,,,
www.informatik.tu-darmstadt.de,2,,,,
www.ipb.uni-bonn.de,2,,,,
www.irisa.fr,2,,,,
www.jasongt.com,2,,,,
www.java.com,2,,,,
www.jimmyren.com,2,,,,
www.jiqizhixin.com,2,,,,
www.kdd.org,2,,,,
www.learning-with-limited-labels.com,2,,,,
www.linuxbabe.com,2,,,,
www.mahmoodlab.org,2,,,,
www.maths.lth.se,2,,,,
www.mayoclinic.org,2,,,,
www.merl.com,2,,,,
www.michaelfirman.co.uk,2,,,,
www.mitsuba-renderer.org,2,,,,
www.mlflow.org,2,,,,
www.mpi-inf.mpg.de,2,,,,
www.mt-archive.info,2,,,,
www.multcloud.com,2,,,,
www.nec-labs.com,2,,,,
www.nist.gov,2,,,,
www.nlpr.ia.ac.cn,2,,,,
www.ntu.edu.sg,2,,,,
www.nuscenes.org,2,,,,
www.nvidia.com,2,,,,
www.nyu.edu,2,,,,
www.overleaf.com,2,,,,
www.perl.org,2,,,,
www.phontron.com,2,,,,
www.pkuvmc.com,2,,,,
www.rdkit.org,2,,,,
www.rlcard.org,2,,,,
www.semanticscholar.org,2,,,,
www.shannonai.com,2,,,,
www.slideshare.net,2,,,,
www.sri.inf.ethz.ch,2,,,,
www.svcl.ucsd.edu,2,,,,
www.tau-nlp.org,2,,,,
www.tobiashinz.com,2,,,,
www.tu-darmstadt.de,2,,,,
www.ubuntu.com,2,,,,
www.uts.edu.au,2,,,,
www.vicos.si,2,,,,
www.vovakim.com,2,,,,
www.wandb.com,2,,,,
www.wisdom.weizmann.ac.il,2,,,,
www.xinggangw.info,2,,,,
www0.cs.ucl.ac.uk,2,,,,
www2.cs.sfu.ca,2,,,,
www2.informatik.uni-hamburg.de,2,,,,
www2.ucar.edu,2,,,,
xialipku.github.io,2,,,,
xiaoyongshen.me,2,,,,
xingangpan.github.io,2,,,,
xinntao.github.io,2,,,,
xinyizhang.tech,2,,,,
yale-lily.github.io,2,,,,
yaohungt.github.io,2,,,,
yichang-cs.com,2,,,,
yichaozhou.com,2,,,,
yuke93.github.io,2,,,,
yulunzhang.com,2,,,,
zdzheng.xyz,2,,,,
zpascal.net,2,,,,
zxwu.azurewebsites.net,2,,,,
103.24.77.34,1,,,,
106.13.187.75,1,,,,
109.0ms_bleu@34.5.pt,1,,,,
126.0ms_bleu@27.9.pt,1,,,,
132.9ms_bleu@40.7.pt,1,,,,
134.5ms_bleu@45.4.pt,1,,,,
137.8ms_bleu@34.7.pt,1,,,,
137.9ms_bleu@25.8.pt,1,,,,
146.7ms_bleu@28.1.pt,1,,,,
154.7ms_bleu@39.1.pt,1,,,,
158.109.8.91,1,,,,
168.3ms_bleu@41.1.pt,1,,,,
168.8ms_bleu@34.8.pt,1,,,,
176.1ms_bleu@46.2.pt,1,,,,
18.191.96.23,1,,,,
188.138.127.15,1,,,,
1dv.alarge.space,1,,,,
1findr.1science.com,1,,,,
2011.bionlp-st.org,1,,,,
2013.bionlp-st.org,1,,,,
2016.bionlp-st.org,1,,,,
2018.emnlp.org,1,,,,
2018.icbeb.org,1,,,,
2019.bionlp-ost.org,1,,,,
202182120255,1,,,,
204.2ms_bleu@27.6.pt,1,,,,
204.5ms_bleu@46.5.pt,1,,,,
208.1ms_bleu@28.5.pt,1,,,,
208.3ms_bleu@41.7.pt,1,,,,
208.8ms_bleu@40.0.pt,1,,,,
237.8ms_bleu@46.7.pt,1,,,,
278.7ms_bleu@27.9.pt,1,,,,
3.5s_bleu@25.8.pt,1,,,,
329.4ms_bleu@41.1.pt,1,,,,
340.2ms_bleu@28.1.pt,1,,,,
35.202.137.6,1,,,,
369.6ms_bleu@28.2.pt,1,,,,
39.100.61.27,1,,,,
39.106.79.246,1,,,,
39.96.165.147,1,,,,
394.5ms_bleu@41.4.pt,1,,,,
3dmatch.cs.princeton.edu,1,,,,
3dv19.gel.ulaval.ca,1,,,,
4.0s_bleu@26.9.pt,1,,,,
4.3s_bleu@38.8.pt,1,,,,
4.5s_bleu@27.6.pt,1,,,,
442.0ms_bleu@41.7.pt,1,,,,
45.6ms_bleu@33.4.pt,1,,,,
450.9ms_bleu@28.5.pt,1,,,,
5.0s_bleu@27.8.pt,1,,,,
5.3s_bleu@40.1.pt,1,,,,
5.8s_bleu@40.6.pt,1,,,,
55.7ms_bleu@42.4.pt,1,,,,
57.1ms_bleu@25.8.pt,1,,,,
57a5352b-a-62cb3a1a-s-sites.googlegroups.com,1,,,,
59.108.48.34,1,,,,
6.0s_bleu@28.2.pt,1,,,,
6.9s_bleu@28.4.pt,1,,,,
6.9s_bleu@41.1.pt,1,,,,
69.3ms_bleu@39.1.pt,1,,,,
7.8s_bleu@41.4.pt,1,,,,
74.5ms_bleu@34.2.pt,1,,,,
7dlabs.com,1,,,,
9.1s_bleu@41.8.pt,1,,,,
91.2ms_bleu@27.6.pt,1,,,,
91f51bbc-dd64-485b-bf6c-40ee535dfec0.filesusr.com,1,,,,
93.179.103.61,1,,,,
93.2ms_bleu@44.4.pt,1,,,,
94.9ms_bleu@40.0.pt,1,,,,
a3s.fi,1,,,,
aaltoml.github.io,1,,,,
ab-h.github.io,1,,,,
abhishekkar.info,1,,,,
abursuc.github.io,1,,,,
academic.hugochan.net,1,,,,
accan.org,1,,,,
acdc.creatis.insa-lyon.fr,1,,,,
acids-ircam.github.io,1,,,,
acl2019.org,1,,,,
acousticalsociety.org,1,,,,
acpanjan,1,,,,
actev.nist.gov,1,,,,
adblock.ai,1,,,,
adblockplus.org,1,,,,
adeboissiere.github.io,1,,,,
aditya-grover.github.io,1,,,,
adityakusupati.github.io,1,,,,
advances.sciencemag.org,1,,,,
afad-dataset.github.io,1,,,,
agordo.github.io,1,,,,
ahnjaewoo.github.io,1,,,,
ahundt.github.io,1,,,,
ai.baidu.com,1,,,,
ai.google.com,1,,,,
ai.honu.io,1,,,,
ai2-s2-research-public.s3-us-west-2.amazonaws.com,1,,,,
ai2-s2-scifact.s3-us-west-2.amazonaws.com,1,,,,
ai2thor.allenai.org,1,,,,
aibuilders.ai,1,,,,
aicures.mit.edu,1,,,,
aigen.github.io,1,,,,
aip.scitation.org,1,,,,
ais.informatik.uni-freiburg.de,1,,,,
aiskyeye.com,1,,,,
ait.ethz.ch,1,,,,
akosiorek.github.io,1,,,,
aladdin-eax.inf.cs.cmu.edu,1,,,,
alanakbik.github.io,1,,,,
alanesuhr.com,1,,,,
alexeyab84,1,,,,
ali-design.github.io,1,,,,
alinionutpopa.github.io,1,,,,
alkaline-ml.com,1,,,,
almond-nl.stanford.edu,1,,,,
almond.stanford.edu,1,,,,
amandajshao.github.io,1,,,,
amirbar.net,1,,,,
amparser.coli.uni-saarland.de,1,,,,
amr.isi.edu,1,,,,
amritasaha1812.github.io,1,,,,
andreamad8.github.io,1,,,,
andrewowens.com,1,,,,
andriymulyar.com,1,,,,
andyxingxl.github.io,1,,,,
andyzeng.github.io,1,,,,
anhnguyen.me,1,,,,
aniketdidolkar.in,1,,,,
anlp.jp,1,,,,
ant-s4.hsu-hh.de,1,,,,
antoine.delplace.eu,1,,,,
aoliver.org,1,,,,
api.semanticscholar.org,1,,,,
app.codacy.com,1,,,,
app.globus.org,1,,,,
appimage.org,1,,,,
apps.ecmwf.int,1,,,,
appsrv.cse.cuhk.edu.hk,1,,,,
arc.aiaa.org,1,,,,
archive.org,1,,,,
archives.ismir.net,1,,,,
ardupilot.org,1,,,,
arena.kakaocdn.net,1,,,,
arnabgho.github.io,1,,,,
arnike.github.io,1,,,,
art-programmer.github.io,1,,,,
artem.sobolev.name,1,,,,
articulated-pose.github.io,1,,,,
arun.chagantys.org,1,,,,
as-ideas.github.io,1,,,,
ashishkumar1993.github.io,1,,,,
ashutoshml.github.io,1,,,,
asic.ethz.ch,1,,,,
askforalfred.com,1,,,,
askubuntu.com,1,,,,
asru2019.org,1,,,,
asv.dgl.ai,1,,,,
asv.informatik.uni-leipzig.de,1,,,,
au.mathworks.com,1,,,,
auai.org,1,,,,
augmentedperception.github.io,1,,,,
auspicious3000.github.io,1,,,,
autodl.chalearn.org,1,,,,
autodl.lri.fr,1,,,,
awma1-my.sharepoint.com,1,,,,
aws.amazon.com,1,,,,
b1ueber2y.me,1,,,,
baihaoran.xyz,1,,,,
baijiahao.baidu.com,1,,,,
bair.berkeley.edu,1,,,,
baosongyang.site,1,,,,
bartzi.de,1,,,,
bazel.build,1,,,,
bckim92.github.io,1,,,,
bcmi.cloud,1,,,,
benchmark.ini.rub.de,1,,,,
berkeleynlp.s3.amazonaws.com,1,,,,
bertje.s3.eu-central-1.amazonaws.com,1,,,,
bertjiazheng.github.io,1,,,,
best.korea.ac.kr,1,,,,
bi.snu.ac.kr,1,,,,
bigpon.github.io,1,,,,
bin.arnastofnun.is,1,,,,
bio.nlplab.org,1,,,,
bioc.sourceforge.net,1,,,,
bionlp.info,1,,,,
bionlp.nlm.nih.gov,1,,,,
bioportal.bioontology.org,1,,,,
blog.drhongtao.com,1,,,,
blog.hypotheses.cc,1,,,,
blog.keras.io,1,,,,
blog.tensorflow.org,1,,,,
blogs.ethz.ch,1,,,,
blogs.technet.microsoft.com,1,,,,
bluebutton.cms.gov,1,,,,
bmccann.github.io,1,,,,
bmcmedimaging.biomedcentral.com,1,,,,
bone-finder.com,1,,,,
bopang1996.github.io,1,,,,
boqinggong.info,1,,,,
brain-development.org,1,,,,
brain-score.org,1,,,,
brainlife.io,1,,,,
brainweb.bic.mni.mcgill.ca,1,,,,
breatheproject.org,1,,,,
bryanplummer.com,1,,,,
bvisionweb1.cs.unc.edu,1,,,,
c19survey.closedloop.ai,1,,,,
caffe2.ai,1,,,,
cagatayyildiz.github.io,1,,,,
cake-lab.github.io,1,,,,
calciferzh.github.io,1,,,,
camdial.org,1,,,,
campbell.mae.cornell.edu,1,,,,
cancergenome.nih.gov,1,,,,
caoscott.github.io,1,,,,
captain-whu.github.io,1,,,,
categorizingplaces.com,1,,,,
cbcsl.ece.ohio-state.edu,1,,,,
cbi.gatech.edu,1,,,,
cdn-images-1.medium.com,1,,,,
cdn.openai.com,1,,,,
cecs.anu.edu.au,1,,,,
cfcs.pku.edu.cn,1,,,,
cgao3.github.io,1,,,,
cgv.cs.nthu.edu.tw,1,,,,
challenge.ai.iqiyi.com,1,,,,
chang.engineer,1,,,,
charlesrqi.com,1,,,,
chcorbi.github.io,1,,,,
chechiklab.biu.ac.il,1,,,,
chemlabs.princeton.edu,1,,,,
chenhsuanlin.bitbucket.io,1,,,,
chev.me,1,,,,
chicheng123.github.io,1,,,,
chongw.github.io,1,,,,
chrirupp.github.io,1,,,,
chrisdonahue.com,1,,,,
chrisdonahue.github.io,1,,,,
christopherlu.github.io,1,,,,
chriswu1997.github.io,1,,,,
chunjinsong.github.io,1,,,,
ci.dgl.ai,1,,,,
ci.inria.fr,1,,,,
ci.mxnet.io,1,,,,
cic.tju.edu.cn,1,,,,
cimg.eu,1,,,,
cims.nyu.edu,1,,,,
cite.nju.edu.cn,1,,,,
clam.mahmoodlab.org,1,,,,
clang.llvm.org,1,,,,
clarin-pl.eu,1,,,,
clarinet-demo.github.io,1,,,,
cleanair.org,1,,,,
click.intel.com,1,,,,
closedloop.ai,1,,,,
cloud.enpc.fr,1,,,,
cloud.kakaobrain.com,1,,,,
cloud.tnt.uni-hannover.de,1,,,,
cloud.tugraz.at,1,,,,
clova-ai.blog,1,,,,
cmp.felk.cvut.cz,1,,,,
coai-dataset.oss-cn-beijing.aliyuncs.com,1,,,,
coco-tasks.github.io,1,,,,
codalab.lri.fr,1,,,,
code-assasin.github.io,1,,,,
code.earthengine.google.com,1,,,,
code.soundsoftware.ac.uk,1,,,,
code2seq.org,1,,,,
cogsys.reutlingen-university.de,1,,,,
colalab.org,1,,,,
colinraffel.com,1,,,,
colmap.github.io,1,,,,
comet.ml,1,,,,
commons.wikimedia.org,1,,,,
community.fandom.com,1,,,,
compbio.ucdenver.edu,1,,,,
compprag.christopherpotts.net,1,,,,
compvis.github.io,1,,,,
conala-corpus.github.io,1,,,,
conceptnet.io,1,,,,
conferences.sigcomm.org,1,,,,
conftube.com,1,,,,
console.ionchannel.io,1,,,,
coppeliarobotics.com,1,,,,
coq.inria.fr,1,,,,
cordis.europa.eu,1,,,,
cornell.box.com,1,,,,
coronacases.org,1,,,,
coverfiles.alphacoders.com,1,,,,
cqf.io,1,,,,
crabwq.github.io,1,,,,
crates.io,1,,,,
crisisnlp.qcri.org,1,,,,
crontab-generator.org,1,,,,
crowdbenchmark.com,1,,,,
cs-chan.com,1,,,,
cs-people.bu.edu,1,,,,
cs.nju.edu.cn,1,,,,
cs.rochester.edu,1,,,,
cs.unc.edu,1,,,,
cs.uwaterloo.ca,1,,,,
cse.buffalo.edu,1,,,,
cse.gatech.edu,1,,,,
cse.wustl.edu,1,,,,
csr.s3-us-west-1.amazonaws.com,1,,,,
cuhko365-my.sharepoint.com,1,,,,
cv19index.com,1,,,,
cvc4.cs.stanford.edu,1,,,,
cvlab.postech.ac.kr,1,,,,
cvssp.org,1,,,,
cvteam.net,1,,,,
cython.readthedocs.io,1,,,,
cziliang.com,1,,,,
daniilidis-group.github.io,1,,,,
danijar.com,1,,,,
daooshee.github.io,1,,,,
dartsim.github.io,1,,,,
darwinai.news,1,,,,
data.acin.tuwien.ac.at,1,,,,
data.allenai.org,1,,,,
data.broadinstitute.org,1,,,,
data.keithito.com,1,,,,
data.lip6.fr,1,,,,
data.megengine.org.cn,1,,,,
data.nvision2.eecs.yorku.ca,1,,,,
data.transportation.gov,1,,,,
data.world,1,,,,
datacloud.hhi.fraunhofer.de,1,,,,
dataset.ina.fr,1,,,,
datasets.cvc.uab.es,1,,,,
datasets.lids.mit.edu,1,,,,
datasets.simula.no,1,,,,
dataverse.harvard.edu,1,,,,
david-dm.org,1,,,,
dawn.cs.stanford.edu,1,,,,
db.jsrt.or.jp,1,,,,
dbs.ifi.uni-heidelberg.de,1,,,,
dcapswoz.ict.usc.edu,1,,,,
dcase.community,1,,,,
ddkang.github.io,1,,,,
decentdescent.org,1,,,,
deepcr.readthedocs.io,1,,,,
deeplearning-math.github.io,1,,,,
deeplearning.net,1,,,,
deeploc.cs.uni-freiburg.de,1,,,,
deepmind.github.io,1,,,,
deepmotion.ai,1,,,,
deepmotionediting.github.io,1,,,,
deeppurpose.readthedocs.io,1,,,,
deepset.ai,1,,,,
deezer.io,1,,,,
delivery.acm.org,1,,,,
demo.allennlp.org,1,,,,
demo.ipol.im,1,,,,
dennisnotes.com,1,,,,
dennyzhou.github.io,1,,,,
densepose.org,1,,,,
dermlite.com,1,,,,
devendrachaplot.github.io,1,,,,
devpost.com,1,,,,
dhh1995.github.io,1,,,,
dialogue.mi.eng.cam.ac.uk,1,,,,
dicarlolab.mit.edu,1,,,,
dickens.seas.upenn.edu,1,,,,
dicta2019.dictaconference.org,1,,,,
diffprivlib.readthedocs.io,1,,,,
dig.ccmixter.org,1,,,,
digestpath2019.grand-challenge.org,1,,,,
dirtyharrylyl.github.io,1,,,,
discuss.dgl.ai,1,,,,
discuss.pytorch.org,1,,,,
disease-ontology.org,1,,,,
distill.pub,1,,,,
diveintodeeplearning.org,1,,,,
divyanshgarg.com,1,,,,
dkdennis.xyz,1,,,,
dl.allaboutbirds.org,1,,,,
dl.dropboxusercontent.com,1,,,,
dl.reviews,1,,,,
dllabml-my.sharepoint.com,1,,,,
dlrm.s3-us-west-1.amazonaws.com,1,,,,
dm.dongguk.edu,1,,,,
dmkdt3.cs.vt.edu,1,,,,
doc.arcgis.com,1,,,,
doc.rust-lang.org,1,,,,
doc2query.ai,1,,,,
docopt.org,1,,,,
docs.aws.amazon.com,1,,,,
docs.dgl.ai,1,,,,
docs.fast.ai,1,,,,
docs.h2o.ai,1,,,,
docs.larq.dev,1,,,,
docs.seldon.io,1,,,,
docs.tvm.ai,1,,,,
docs.wandb.com,1,,,,
docs.wixstatic.com,1,,,,
doi.acm.org,1,,,,
dominikbucher.com,1,,,,
doodle.cloudcv.org,1,,,,
dotnet.microsoft.com,1,,,,
download.huan-zhang.com,1,,,,
downloads.cs.stanford.edu,1,,,,
downloads.greyc.fr,1,,,,
dox.uliege.be,1,,,,
dronekit-python.readthedocs.io,1,,,,
druginfo.nlm.nih.gov,1,,,,
dsmn.ml,1,,,,
dunbar12138.github.io,1,,,,
dyna.is.tue.mpg.de,1,,,,
dzr.fm,1,,,,
earthengine.google.com,1,,,,
ebill.uncw.edu,1,,,,
ecotrust-canada.github.io,1,,,,
efrosgans.eecs.berkeley.edu,1,,,,
einstein.ai,1,,,,
ekazakos.github.io,1,,,,
elastic.co,1,,,,
embedding.github.io,1,,,,
embodiedqa.org,1,,,,
endovissub2017-roboticinstrumentsegmentation.grand-challenge.org,1,,,,
eng.ox.ac.uk,1,,,,
eng.uber.com,1,,,,
eng.ucmerced.edu,1,,,,
engineering.jhu.edu,1,,,,
engineering.nd.edu,1,,,,
engineering.purdue.edu,1,,,,
epic-kitchens.github.io,1,,,,
ericsujw.github.io,1,,,,
errudite.readthedocs.io,1,,,,
esanchezlozano.github.io,1,,,,
espnet.github.io,1,,,,
etendue2013,1,,,,
eternallybored.org,1,,,,
etrulls.github.io,1,,,,
eurocity-dataset.tudelft.nl,1,,,,
ewotawa.github.io,1,,,,
expert.cs.columbia.edu,1,,,,
expertsystem.com,1,,,,
f1000research.com,1,,,,
fabriziocarpi.github.io,1,,,,
face.lol,1,,,,
facebook.ai,1,,,,
faces.dmi.unibas.ch,1,,,,
fadetrcv.github.io,1,,,,
fanyix.cs.ucdavis.edu,1,,,,
fashion-gen.com,1,,,,
fastdepth.mit.edu,1,,,,
faust.is.tue.mpg.de,1,,,,
faustomorales.github.io,1,,,,
fcon_1000.projects.nitrc.org,1,,,,
fdamani.com,1,,,,
feixh.github.io,1,,,,
feng.li,1,,,,
fhkingma.com,1,,,,
figure1.typeform.com,1,,,,
fiji.sc,1,,,,
files.deeppavlov.ai,1,,,,
files.eric.ed.gov,1,,,,
filigranes.hypotheses.org,1,,,,
fireship.io,1,,,,
firmware.ardupilot.org,1,,,,
flask.pocoo.org,1,,,,
flax.readthedocs.io,1,,,,
fling.seas.upenn.edu,1,,,,
flintbox.com,1,,,,
floriantramer.com,1,,,,
flowattack.is.tue.mpg.de,1,,,,
floydhub.com,1,,,,
foo,1,,,,
foodb.ca,1,,,,
forawardstar.github.io,1,,,,
form2fit.github.io,1,,,,
forum.ircam.fr,1,,,,
fpf.org,1,,,,
fsl.fmrib.ox.ac.uk,1,,,,
fxia.me,1,,,,
fyusion.com,1,,,,
gasp-pgh.org,1,,,,
gateway.infinitescript.com,1,,,,
gaw.hist.uu.se,1,,,,
gcc.gnu.org,1,,,,
gcqian.com,1,,,,
gdo152.llnl.gov,1,,,,
geneontology.org,1,,,,
genezc.github.io,1,,,,
geods.geography.wisc.edu,1,,,,
geometry.cs.ucl.ac.uk,1,,,,
georgegu1997.github.io,1,,,,
germain-forestier.info,1,,,,
gfx.uvic.ca,1,,,,
gibranbenitez.github.io,1,,,,
gicheonkang.com,1,,,,
git.ukp.informatik.tu-darmstadt.de,1,,,,
gitee.com,1,,,,
gitlab.doc.ic.ac.uk,1,,,,
gitlab.ika.rwth-aachen.de,1,,,,
gjyin91.github.io,1,,,,
gleason2019.grand-challenge.org,1,,,,
gluon-crash-course.mxnet.io,1,,,,
gluon.ai,1,,,,
gmail.com,1,,,,
go.microsoft.com,1,,,,
gohkust-my.sharepoint.com,1,,,,
goofy.zamia.org,1,,,,
got-10k.aitestunion.com,1,,,,
gpkit.readthedocs.io,1,,,,
grafana.com,1,,,,
grammarly-nlp-data-public.s3.amazonaws.com,1,,,,
grand-challenge.org,1,,,,
graphics.soe.ucsc.edu,1,,,,
graphreason.github.io,1,,,,
grasp.upenn.edu%5d%5bgrasp,1,,,,
greenkeeper.io,1,,,,
grlearning.github.io,1,,,,
grupolys.org,1,,,,
gtvault-my.sharepoint.com,1,,,,
guillaumejaume.github.io,1,,,,
guochengqian.com,1,,,,
guochengqian.github.io,1,,,,
guojianzhu.com,1,,,,
gvvperfcapeva.mpi-inf.mpg.de,1,,,,
hackingmaterials.lbl.gov,1,,,,
hajunsoo.org,1,,,,
hake-mvig.cn,1,,,,
hal.cse.msu.edu,1,,,,
halfsummer11.github.io,1,,,,
handtracker.mpi-inf.mpg.de,1,,,,
hangzh.s3.amazonaws.com,1,,,,
hangzhang.org,1,,,,
hanruiwang.me,1,,,,
hansf.me,1,,,,
hao-li.com,1,,,,
harsha-simhadri.org,1,,,,
hasegawadai.info,1,,,,
hbjenssen,1,,,,
hci-benchmark.iwr.uni-heidelberg.de,1,,,,
hdbscan.readthedocs.io,1,,,,
hdrv.org,1,,,,
heatmapping.org,1,,,,
hemanthdv.org,1,,,,
henri.rebecq.fr,1,,,,
hera.inf-cv.uni-jena.de,1,,,,
hfl-rc.github.io,1,,,,
hfslyc.github.io,1,,,,
himalayajain.github.io,1,,,,
hiroharu-kato.com,1,,,,
hkchengad.student.ust.hk,1,,,,
hkchengrex.github.io,1,,,,
hkust-knowcomp.github.io,1,,,,
hkust-vgd.github.io,1,,,,
hkzhang95.github.io,1,,,,
hmdb.ca,1,,,,
homepages.wmich.edu,1,,,,
homes.sice.indiana.edu,1,,,,
horizon.ai,1,,,,
hpo.jax.org,1,,,,
hrtavakoli.github.io,1,,,,
hu-my.sharepoint.com,1,,,,
hub.hku.hk,1,,,,
hybridqa.github.io,1,,,,
hyperopt.github.io,1,,,,
hyunw.kim,1,,,,
icdar2019.org,1,,,,
iclr2020deepdiffeq.rice.edu,1,,,,
icml.cc,1,,,,
icpc2020.s3.us-east-2.amazonaws.com,1,,,,
icst.pku.edu.cn,1,,,,
icvl.cs.bgu.ac.il,1,,,,
ieeetv.ieee.org,1,,,,
igl.ethz.ch,1,,,,
iitlab.bit.edu.cn,1,,,,
image-matching-workshop.github.io,1,,,,
imagecaption.blob.core.windows.net,1,,,,
imagej.net,1,,,,
imagemagick.org,1,,,,
imagenet.stanford.edu,1,,,,
imatge-upc.github.io,1,,,,
inception-project.github.io,1,,,,
indianinstituteofscience-my.sharepoint.com,1,,,,
inf.ethz.ch,1,,,,
insightface.ai,1,,,,
interactionmining.org,1,,,,
iopscience.iop.org,1,,,,
ipl.polito.it,1,,,,
iplab.dmi.unict.it,1,,,,
irisyu.me,1,,,,
iseg2017.web.unc.edu,1,,,,
iseg2019.web.unc.edu,1,,,,
isis.poly.edu,1,,,,
ispl.deib.polimi.it,1,,,,
it.hse.ru,1,,,,
it.uibe.edu.cn,1,,,,
ivc.ischool.utexas.edu,1,,,,
ivdnt.org,1,,,,
j-min.io,1,,,,
jack-kelly.com,1,,,,
jacobkrantz.github.io,1,,,,
jaejunyoo.blogspot.com,1,,,,
jaeseolim.github.io,1,,,,
jaina.cs.ucdavis.edu,1,,,,
jamanetwork.com,1,,,,
jax.readthedocs.io,1,,,,
jcheminf.biomedcentral.com,1,,,,
jerilkuriakose,1,,,,
jerrybai1995.github.io,1,,,,
jerrygaolondon.github.io,1,,,,
jessethomason.com,1,,,,
jhjacobsen.github.io,1,,,,
jhugestar.github.io,1,,,,
jia666-my.sharepoint.com,1,,,,
jian-tang.com,1,,,,
jianbojiao.com,1,,,,
jiangwei221.github.io,1,,,,
jiankangdeng.github.io,1,,,,
jianlong-fu.github.io,1,,,,
jiayuanm.com,1,,,,
jifengdai.org,1,,,,
jimmysuen.github.io,1,,,,
jlwu1992.github.io,1,,,,
jmlr.csail.mit.edu,1,,,,
jmlr.org,1,,,,
johnnylee.net,1,,,,
jonathantompson.github.io,1,,,,
jonbarron.info,1,,,,
jonlu0602.github.io,1,,,,
joonyoung-cv.github.io,1,,,,
journals.aps.org,1,,,,
jpeg.org,1,,,,
jphall_22520,1,,,,
json-schema.org,1,,,,
judyye.github.io,1,,,,
julialang.org,1,,,,
julian-theis.github.io,1,,,,
julsimon,1,,,,
jyhjinghwang.github.io,1,,,,
kaggle.com,1,,,,
kaiminghe.com,1,,,,
kampelmuehler.github.io,1,,,,
kamwoh.github.io,1,,,,
kan-bayashi.github.io,1,,,,
kanchen.info,1,,,,
kapaitech.com,1,,,,
karnikram.info,1,,,,
karpathy.github.io,1,,,,
kb1.cse.ohio-state.edu,1,,,,
keras-slack-autojoin.herokuapp.com,1,,,,
kevin-ssy.github.io,1,,,,
kevinkaixu.net,1,,,,
kfiraberman.github.io,1,,,,
kiddozhu.github.io,1,,,,
kieranwynn.github.io,1,,,,
kinpzz.com,1,,,,
kitchenette.korea.ac.kr,1,,,,
knot.fit.vutbr.cz,1,,,,
kordinglab.com,1,,,,
kovenyu.com,1,,,,
kowsari.net,1,,,,
kreiman.hms.harvard.edu,1,,,,
krsingh.cs.ucdavis.edu,1,,,,
kt.agh.edu.pl,1,,,,
kuanghuei.github.io,1,,,,
kubernetes.io,1,,,,
kunpengli1994.github.io,1,,,,
kunzhou.net,1,,,,
kushalkafle.com,1,,,,
kwea123.github.io,1,,,,
kychern.github.io,1,,,,
kyleolszewski.com,1,,,,
labicvl.github.io,1,,,,
labrosa.ee.columbia.edu,1,,,,
labs.criteo.com,1,,,,
latex.codecogs.com,1,,,,
lcl.uniroma1.it,1,,,,
leclair.tech,1,,,,
leenissen.dk,1,,,,
lemondan.github.io,1,,,,
lemotif.cloudcv.org,1,,,,
leonaha.pythonanywhere.com,1,,,,
leslierice1.github.io,1,,,,
lessw,1,,,,
lexsrv3.nlm.nih.gov,1,,,,
library.seg.org,1,,,,
librivox.org,1,,,,
libtwinsvm.readthedocs.io,1,,,,
lifelong-robotic-vision.github.io,1,,,,
lihongli.github.io,1,,,,
lila.science,1,,,,
linardos.akis,1,,,,
linear95.github.io,1,,,,
linjieluo.com,1,,,,
linoxide.com,1,,,,
linqs.cs.umd.edu,1,,,,
linuxize.com,1,,,,
liruihui.github.io,1,,,,
liuyu.us,1,,,,
liuziwei7.github.io,1,,,,
livewarwickac-my.sharepoint.com,1,,,,
lixirong.net,1,,,,
liyiming.tech,1,,,,
lld-workshop.github.io,1,,,,
ln2.sync.com,1,,,,
login.microsoftonline.com,1,,,,
loki.disi.unitn.it,1,,,,
lrec2020.lrec-conf.org,1,,,,
lsaiml.github.io,1,,,,
ltdata1.informatik.uni-hamburg.de,1,,,,
ltdemos.informatik.uni-hamburg.de,1,,,,
ltnas1.informatik.uni-hamburg.de,1,,,,
ltrcpublic.com,1,,,,
lts2.epfl.ch,1,,,,
luarocks.org,1,,,,
lucene.apache.org,1,,,,
luiszeni.com.br,1,,,,
lv-mhp.github.io,1,,,,
lvdmaaten.github.io,1,,,,
m-mitchell.com,1,,,,
m.youtube.com,1,,,,
machc.github.io%5d%5bcarlos,1,,,,
magenta.tensorflow.org,1,,,,
mailnwpueducn-my.sharepoint.com,1,,,,
mailscuteducn-my.sharepoint.com,1,,,,
mailsucaseducn-my.sharepoint.com,1,,,,
make3d.cs.cornell.edu,1,,,,
manpages.ubuntu.com,1,,,,
mantaflow.com,1,,,,
mapster.csail.mit.edu,1,,,,
marcel.bollmann.me,1,,,,
marian-nmt.github.io,1,,,,
marine.acfr.usyd.edu.au,1,,,,
mark.granroth-wilding.co.uk,1,,,,
mars.cs.utu.fi,1,,,,
mathbiol.github.io,1,,,,
matthew-brett.github.io,1,,,,
matthewsot.github.io,1,,,,
mauriceqch.github.io,1,,,,
maven.apache.org,1,,,,
maximebucher.github.io,1,,,,
mcl.usc.edu,1,,,,
mclab.eic.hust.edu.cn,1,,,,
me-net.csail.mit.edu,1,,,,
medcat.rosalind.kcl.ac.uk,1,,,,
media.ee.ntu.edu.tw,1,,,,
medicine.uiowa.edu,1,,,,
medtype.github.io,1,,,,
megaface.cs.washington.edu,1,,,,
melfm.github.io,1,,,,
meme-suite.org,1,,,,
mergify.io,1,,,,
meta.wikimedia.org,1,,,,
metamap.nlm.nih.gov,1,,,,
metaphors.iath.virginia.edu,1,,,,
metashare.ilsp.gr,1,,,,
mevadata.org,1,,,,
mhaiyang.github.io,1,,,,
michaelberryphysics.files.wordpress.com,1,,,,
micronet-challenge.github.io,1,,,,
miil-public-eu.oss-eu-central-1.aliyuncs.com,1,,,,
mikakalevi.com,1,,,,
mila.quebec,1,,,,
miltos.allamanis.com,1,,,,
mimran.me,1,,,,
mindio.org,1,,,,
minimaxir.com,1,,,,
mip-frontiers.eu,1,,,,
mitk.org,1,,,,
mkocabas.github.io,1,,,,
ml.dask.org,1,,,,
mlexplained.com,1,,,,
mlflow.org,1,,,,
mlperf.org,1,,,,
mm.cs.uec.ac.jp,1,,,,
mmdetection.readthedocs.io,1,,,,
mmsp2019.org,1,,,,
mnqu.github.io,1,,,,
modeldepot.io,1,,,,
moderation.research.sfu.ca,1,,,,
mohitshridhar.com,1,,,,
mon.createlab.org,1,,,,
mondo.monarchinitiative.org,1,,,,
money.yandex.ru,1,,,,
montreal-forced-aligner.readthedocs.io,1,,,,
monuseg.grand-challenge.org,1,,,,
mosh.is.tue.mpg.de,1,,,,
most.ucsf.edu,1,,,,
motionretargeting2d.github.io,1,,,,
moto.clab.cs.cmu.edu,1,,,,
mozart.ipipan.waw.pl,1,,,,
mrdeepfakes.com,1,,,,
mrp.nlpl.eu,1,,,,
mrtrix.readthedocs.io,1,,,,
msropendata.com,1,,,,
multiqa.s3.amazonaws.com,1,,,,
my.pcloud.com,1,,,,
my.vanderbilt.edu,1,,,,
mycloud-test.warwick.ac.uk,1,,,,
myemacs.com,1,,,,
myrtle.ai,1,,,,
n.ethz.ch,1,,,,
natanielruiz.github.io,1,,,,
nathanael-fijalkow.github.io,1,,,,
nbdt.alvinwan.com,1,,,,
nda.nih.gov,1,,,,
ndd.iti.gr,1,,,,
neerajkumar.org,1,,,,
nemertes.lis.upatras.gr,1,,,,
networkx.github.io,1,,,,
neural.chat,1,,,,
neuro.debian.net,1,,,,
next.cs.cmu.edu,1,,,,
ngc.nvidia.com,1,,,,
niessnerlab.org,1,,,,
niftynet.readthedocs.io,1,,,,
nilearn.github.io,1,,,,
nini-lxz.github.io,1,,,,
ninja-build.org,1,,,,
nipy.org,1,,,,
nl.ijs.si,1,,,,
nlp.cs.berkeley.edu,1,,,,
nlp.cs.unc.edu,1,,,,
nlp.csai.tsinghua.edu.cn,1,,,,
nlp.ist.i.kyoto-u.ac.jp,1,,,,
nlpfun.com,1,,,,
nlpj2017.fbk.eu,1,,,,
nmhkahn.github.io,1,,,,
norman3.github.io,1,,,,
norouzi.github.io,1,,,,
nuage.lix.polytechnique.fr,1,,,,
nubo.ircam.fr,1,,,,
numpydoc.readthedocs.io,1,,,,
nvie.com,1,,,,
nxsedson.github.io,1,,,,
oa.ee.tsinghua.edu.cn,1,,,,
oai.epi-ucsf.org,1,,,,
obofoundry.org,1,,,,
omagyarkorpusz.nytud.hu,1,,,,
ompl.kavrakilab.org,1,,,,
ondrej.cifka.com,1,,,,
onlinelibrary.wiley.com,1,,,,
opam.ocaml.org,1,,,,
opencollective.com,1,,,,
opendata.cern.ch,1,,,,
openi.nlm.nih.gov,1,,,,
opennre-docs.readthedocs.io,1,,,,
opennre.thunlp.ai,1,,,,
openslide.org,1,,,,
ori.ox.ac.uk,1,,,,
orlitany.github.io,1,,,,
osu.box.com,1,,,,
outfit-diagnosis.herokuapp.com,1,,,,
oval.cs.stanford.edu,1,,,,
oxuva.github.io,1,,,,
paddlepaddle.org.cn,1,,,,
pages.cs.wisc.edu,1,,,,
pages.semanticscholar.org,1,,,,
paip2019.grand-challenge.org,1,,,,
panderson.me,1,,,,
panlingua.co.in,1,,,,
pantheon.corp.google.com,1,,,,
panzhang0212.github.io,1,,,,
papers.neurips.cc,1,,,,
papers.www2017.com.au.s3-website-ap-southeast-2.amazonaws.com,1,,,,
partage.imt.fr,1,,,,
pascal.inrialpes.fr,1,,,,
patrickorcl,1,,,,
paulguerrero.github.io,1,,,,
pavis.iit.it,1,,,,
paypal.me,1,,,,
pc2752.github.io,1,,,,
peerj.com,1,,,,
peizhuoli.github.io,1,,,,
pengshancai.github.io,1,,,,
pengsida.net,1,,,,
pengtang.xyz,1,,,,
pengtaojiang.github.io,1,,,,
people.compute.dtu.dk,1,,,,
people.ee.duke.edu,1,,,,
people.inf.ethz.ch,1,,,,
people.kth.se,1,,,,
people.rennes.inria.fr,1,,,,
people.tamu.edu,1,,,,
people.ucas.edu.cn,1,,,,
pexels.com,1,,,,
phenotiki.com,1,,,,
pib.gov.in,1,,,,
ping-chao.com,1,,,,
pipenv.readthedocs.io,1,,,,
pix3d.csail.mit.edu,1,,,,
pj.ninjal.ac.jp,1,,,,
pkorus.pl,1,,,,
pkueducn-my.sharepoint.com,1,,,,
pkuml.org,1,,,,
play.google.com,1,,,,
plot.ly,1,,,,
podgorskiy.com,1,,,,
pooyanjamshidi.github.io,1,,,,
popl19.sigplan.org,1,,,,
portal.dbmi.hms.harvard.edu,1,,,,
portland-my.sharepoint.com,1,,,,
postersession.ai,1,,,,
ppliuboy.github.io,1,,,,
pralab.diee.unica.it,1,,,,
pratyush911.github.io,1,,,,
pre-commit.com,1,,,,
preon.iiit.ac.in,1,,,,
presentations.cocodataset.org,1,,,,
press3.mcs.anl.gov,1,,,,
prior-datasets.s3.us-east-2.amazonaws.com,1,,,,
prior-pretrained-models.s3-us-west-2.amazonaws.com,1,,,,
proconsortium.org,1,,,,
projects.ayanc.org,1,,,,
projet.liris.cnrs.fr,1,,,,
prominent.uic.edu,1,,,,
prosus-public.s3-eu-west-1.amazonaws.com,1,,,,
protege.stanford.edu,1,,,,
prox.is.tue.mpg.de,1,,,,
ps.clul.ul.pt,1,,,,
psiturk.org,1,,,,
pslcdatashop.web.cmu.edu,1,,,,
pubannotation.org,1,,,,
public-asai-dl-models.s3.eu-central-1.amazonaws.com,1,,,,
public.vinai.io,1,,,,
pulp-platform.org,1,,,,
purdue0-my.sharepoint.com,1,,,,
pureportal.strath.ac.uk,1,,,,
pushshift.io,1,,,,
pybullet.org,1,,,,
pydart2.readthedocs.io,1,,,,
pymesh.readthedocs.io,1,,,,
pymia.readthedocs.io,1,,,,
python-poetry.org,1,,,,
pythonhosted.org,1,,,,
pytorch.org%20and,1,,,,
pyup.io,1,,,,
pywavelets.readthedocs.io,1,,,,
qangaroo.cs.ucl.ac.uk,1,,,,
qianyiwu.github.io,1,,,,
qipeng.me,1,,,,
qupath.github.io,1,,,,
qwone.com,1,,,,
r9y9.github.io,1,,,,
raghavsomani.github.io,1,,,,
rdcu.be,1,,,,
rdroste.com,1,,,,
real-time-gesture-models.s3.eu-central-1.amazonaws.com,1,,,,
realworld-sdm.github.io,1,,,,
recherche.ign.fr,1,,,,
redd.csail.mit.edu,1,,,,
redis.io,1,,,,
refuge.grand-challenge.org,1,,,,
renderpeople.com,1,,,,
renyurui.github.io,1,,,,
reproducibility-challenge.github.io,1,,,,
research.adobe.com,1,,,,
research.baidu.com,1,,,,
research.google,1,,,,
research.mapillary.com,1,,,,
research.nii.ac.jp,1,,,,
research.samsung.com,1,,,,
resource.loni.usc.edu,1,,,,
rgbd-dataset.cs.washington.edu,1,,,,
rlgm.github.io,1,,,,
rloganiv.github.io,1,,,,
ro.linkedin.com,1,,,,
robotcar-dataset.robots.ox.ac.uk,1,,,,
robotics.pkusz.edu.cn,1,,,,
robotics.stanford.edu,1,,,,
robotiq.com,1,,,,
robotskills.cs.uni-freiburg.de,1,,,,
robotvault.bitbucket.io,1,,,,
robustness.readthedocs.io,1,,,,
rohrbach.vision,1,,,,
roozbehm.info,1,,,,
rpg.ifi.uzh.ch,1,,,,
rudra1988.github.io,1,,,,
s3.eu-central-1.amazonaws.com,1,,,,
s3.us-east-2.amazonaws.com,1,,,,
sa-kuva.fi,1,,,,
sachinmehta.ngb,1,,,,
safeai.ethz.ch,1,,,,
sakai-lab.github.io,1,,,,
salicon.net,1,,,,
saliency.tuebingen.ai,1,,,,
salihkaragoz.github.io,1,,,,
sam.johnson.io,1,,,,
samschulter.github.io,1,,,,
savethevowels.org,1,,,,
scalable.mpi-inf.mpg.de,1,,,,
scene-understanding.com,1,,,,
scenesegmentation.csail.mit.edu,1,,,,
scholar.google.co.in,1,,,,
scholar.google.co.jp,1,,,,
scholar.google.com.sg,1,,,,
scholar.google.it,1,,,,
scholar.google.ro,1,,,,
scifact.apps.allenai.org,1,,,,
scikit-tda.org,1,,,,
scikit.ml,1,,,,
scipy.org,1,,,,
scs00197.sp.cs.cmu.edu,1,,,,
sdc.uio.no,1,,,,
sdeepaknarayanan.github.io,1,,,,
seaborn.pydata.org,1,,,,
seanseattle.github.io,1,,,,
secml.gitlab.io,1,,,,
secret-meadow-14164.herokuapp.com,1,,,,
see.tongji.edu.cn,1,,,,
seebibyte.org,1,,,,
segchd.csail.mit.edu,1,,,,
seilna.github.io,1,,,,
selfie2anime.com,1,,,,
semanticscholar.org,1,,,,
semver.org,1,,,,
senya-ashukha.github.io,1,,,,
services.d4science.org,1,,,,
setuptools.readthedocs.io,1,,,,
shangbangblog.files.wordpress.com,1,,,,
shangchenzhou.com,1,,,,
shapestacks.robots.ox.ac.uk,1,,,,
share.phys.ethz.ch,1,,,,
shekhargulati.com,1,,,,
shepnerd.github.io,1,,,,
shijianping.me,1,,,,
shishirpatil.github.io,1,,,,
shuliu.me,1,,,,
shunsukesaito.github.io,1,,,,
sidetuning.berkeley.edu,1,,,,
sig-edu.org,1,,,,
sigmorphon.github.io,1,,,,
sijiesong.github.io,1,,,,
silicondales.com,1,,,,
silicx.github.io,1,,,,
simtk-confluence.stanford.edu,1,,,,
singularity.lbl.gov,1,,,,
sir2data.github.io,1,,,,
sisec18.unmix.app,1,,,,
sites.fas.harvard.edu,1,,,,
sites.lsa.umich.edu,1,,,,
sites.research.google,1,,,,
sites.skoltech.ru,1,,,,
sites.usc.edu,1,,,,
sketchy.eye.gatech.edu,1,,,,
skimanetwork.info,1,,,,
skylion007.github.io,1,,,,
slideslive.com,1,,,,
smalr.is.tue.mpg.de,1,,,,
smilels.github.io,1,,,,
smoke.createlab.org,1,,,,
smpl-x.is.tue.mpg.de,1,,,,
smpl.is.tue.mpg.de,1,,,,
smrzr.io,1,,,,
so.gushiwen.org,1,,,,
sobigdata.d4science.org,1,,,,
soft-label-ccrf.s3.us-east-2.amazonaws.com,1,,,,
softsys4ai.github.io,1,,,,
songhan.mit.edu,1,,,,
sonycslparis.github.io,1,,,,
soochanlee.com,1,,,,
soojihan.github.io,1,,,,
sotabench.com,1,,,,
sounakdey.github.io,1,,,,
spacenetchallenge.github.io,1,,,,
spectrum.chat,1,,,,
speedinghzl.github.io,1,,,,
sreyas-mohan.github.io,1,,,,
sshan-zhao.github.io,1,,,,
ssli.ee.washington.edu,1,,,,
ssw9.talp.cat,1,,,,
staff.cs.utu.fi,1,,,,
starai.cs.ucla.edu,1,,,,
static1.squarespace.com,1,,,,
stereoblur.shangchenzhou.com,1,,,,
stereoset.mit.edu,1,,,,
sthalles.github.io,1,,,,
stnava.github.io,1,,,,
stp.lingfil.uu.se,1,,,,
structseg2019.grand-challenge.org,1,,,,
structured3d-dataset.org,1,,,,
studntnu.sharepoint.com,1,,,,
study.rsgis.whu.edu.cn,1,,,,
stuhiteducn-my.sharepoint.com,1,,,,
stulyakov.com,1,,,,
suchin.io,1,,,,
summarization2019.github.io,1,,,,
sumo.dlr.de,1,,,,
suncg.cs.princeton.edu,1,,,,
sunset1995.github.io,1,,,,
support.hdfgroup.org,1,,,,
surfer.nmr.mgh.harvard.edu,1,,,,
svip-lab.github.io,1,,,,
svito-zar.github.io,1,,,,
sylqiu.blogspot.com,1,,,,
symas.com,1,,,,
tabfact.github.io,1,,,,
taesung.me,1,,,,
tagme.d4science.org,1,,,,
taku910.github.io,1,,,,
talk.ictvonline.org,1,,,,
tallinzen.net,1,,,,
talsperre.github.io,1,,,,
tams.informatik.uni-hamburg.de,1,,,,
tancik.com,1,,,,
tangyoubao.github.io,1,,,,
taniai.space,1,,,,
taolusi.github.io,1,,,,
taomei.me,1,,,,
taoyds.github.io,1,,,,
taozh2017.github.io,1,,,,
taskonomy.stanford.edu,1,,,,
taskonomy.vision,1,,,,
tdg.ucla.edu,1,,,,
tdk.bme.hu,1,,,,
tech.zalando.com,1,,,,
techmatt.github.io,1,,,,
technionmail-my.sharepoint.com,1,,,,
tejaskhot.github.io,1,,,,
tensorflow.google.cn,1,,,,
tensorly.org,1,,,,
textae.blob.core.windows.net,1,,,,
textattack.readthedocs.io,1,,,,
textdata.nl,1,,,,
thakur.cs.ucdavis.edu,1,,,,
theaisummer.com,1,,,,
theorangeduck.com,1,,,,
theshadow29.github.io,1,,,,
thesouthfrog.com,1,,,,
thohkaistackr.wixsite.com,1,,,,
threejs.org,1,,,,
thu-coai.github.io,1,,,,
thuctc.thunlp.org,1,,,,
tiantianwang.github.io,1,,,,
tifgan.github.io,1,,,,
timeseriesclassification.com,1,,,,
tiny-reid.readthedocs.io,1,,,,
tinyurl.com,1,,,,
tma.im,1,,,,
tnq177.github.io,1,,,,
tohinz.github.io,1,,,,
tommccoy1.github.io,1,,,,
tools.genes.toronto.edu,1,,,,
torchtext.readthedocs.io,1,,,,
tovacinni.github.io,1,,,,
transformer.huggingface.co,1,,,,
transmartfoundation.org,1,,,,
tri-ml-public.s3.amazonaws.com,1,,,,
trillionpairs.deepglint.com,1,,,,
trimsh.org,1,,,,
tripods.cis.cornell.edu,1,,,,
trompamusic.eu,1,,,,
tslearn.readthedocs.io,1,,,,
ttic.uchicago.edu,1,,,,
tts.speech.cs.cmu.edu,1,,,,
tuanhungvu.github.io,1,,,,
tudatalib.ulb.tu-darmstadt.de,1,,,,
tudip.com,1,,,,
turkunlp.org,1,,,,
u-he.com,1,,,,
uber.github.io,1,,,,
ufile.io,1,,,,
um.edu.mo,1,,,,
umbertomichieli.github.io,1,,,,
unbabel.github.io,1,,,,
unilight.github.io,1,,,,
unsupervised-llamas.com,1,,,,
upenn.box.com,1,,,,
user.ceng.metu.edu.tr,1,,,,
users.ics.aalto.fi,1,,,,
users.umiacs.umd.edu,1,,,,
utexas.box.com,1,,,,
utkarshojha.github.io,1,,,,
uwdata,1,,,,
v.youku.com,1,,,,
val.serc.iisc.ernet.in,1,,,,
varungohil.github.io,1,,,,
vcc.tech,1,,,,
vccimaging.org,1,,,,
vccy.xyz,1,,,,
vcl.iti.gr,1,,,,
verbs.colorado.edu,1,,,,
verse2019.grand-challenge.org,1,,,,
veu.talp.cat,1,,,,
videogazefollow.csail.mit.edu,1,,,,
viewer.bioqrator.org,1,,,,
vikashplus.github.io,1,,,,
vineet.mundhra,1,,,,
viniciusarruda.github.io,1,,,,
vinitsarode.weebly.com,1,,,,
vinitsarode5,1,,,,
vipl.ict.ac.cn,1,,,,
virajmavani.github.io,1,,,,
vireo.cs.cityu.edu.hk,1,,,,
virtualenvwrapper.readthedocs.io,1,,,,
virutalbuy-public.oss-cn-hangzhou.aliyuncs.com,1,,,,
vision.cornell.edu,1,,,,
vision.csee.wvu.edu,1,,,,
vision.disi.unibo.it,1,,,,
vision.ece.ucsb.edu,1,,,,
vision.eng.shizuoka.ac.jp,1,,,,
vision.in.tum.de,1,,,,
vision.middlebury.edu,1,,,,
vision.princeton.edu,1,,,,
vision.sia.cn,1,,,,
visionandlanguage.net,1,,,,
vizwiz.org,1,,,,
vkramanuj.github.io,1,,,,
vladlen.info,1,,,,
vllab.ee.ntu.edu.tw,1,,,,
vlog.guojianzhu.com,1,,,,
voice.mozilla.org,1,,,,
vovakim.com,1,,,,
vowl.visualdataweb.org,1,,,,
vpg.cs.princeton.edu,1,,,,
vprover.github.io,1,,,,
vsupalov.com,1,,,,
vtjeng.github.io,1,,,,
vtk.org,1,,,,
vuhcs.github.io,1,,,,
w4ngatang.github.io,1,,,,
wacv20.wacv.net,1,,,,
waifu.lofiu.com,1,,,,
waller-lab.github.io,1,,,,
wallpaperswide.com,1,,,,
walsvid.github.io,1,,,,
wandb.ai,1,,,,
wang-zhe.me,1,,,,
wanggrun.github.io,1,,,,
wangguanzhi.github.io,1,,,,
wangkaiwei.org,1,,,,
warmspringwinds.github.io,1,,,,
wavelab.uwaterloo.ca,1,,,,
web.archive.org,1,,,,
web.cs.ucla.edu,1,,,,
web.expasy.org,1,,,,
web.informatik.uni-mannheim.de,1,,,,
webhome.cs.uvic.ca,1,,,,
weblogo.berkeley.edu,1,,,,
websail-fe.cs.northwestern.edu,1,,,,
weegee.vision.ucmerced.edu,1,,,,
weiweisun2018.github.io,1,,,,
wendazhou.com,1,,,,
wenhaowang.org,1,,,,
wenhuchen.github.io,1,,,,
wenlongzhang0724.github.io,1,,,,
wenz116.github.io,1,,,,
whdeng.cn,1,,,,
whj363636.github.io,1,,,,
whyu.me,1,,,,
wider-challenge.org,1,,,,
wiki.python.org,1,,,,
wilburone.github.io,1,,,,
williamyang1991.github.io,1,,,,
wing.comp.nus.edu.sg,1,,,,
winsty.net,1,,,,
wittawat.com,1,,,,
wl-research.github.io,1,,,,
workshop2014.iwslt.org,1,,,,
wpc.d89ed.chicdn.net,1,,,,
ww2.mathworks.cn,1,,,,
www-rech.telecom-lille.fr,1,,,,
www-sop.inria.fr,1,,,,
www.academia.edu,1,,,,
www.acin.tuwien.ac.at,1,,,,
www.adcis.net,1,,,,
www.aharakeh.com,1,,,,
www.ai-fragments.com,1,,,,
www.aicures.mit.edu,1,,,,
www.airc.aist.go.jp,1,,,,
www.aistats.org,1,,,,
www.alberthaque.com,1,,,,
www.alejandronewell.com,1,,,,
www.aloha-h2020.eu,1,,,,
www.altizure.com,1,,,,
www.amazon.com,1,,,,
www.aminer.cn,1,,,,
www.andrew.cmu.edu,1,,,,
www.arcgis.com,1,,,,
www.argoverse.org,1,,,,
www.artec3d.com,1,,,,
www.astropy.org,1,,,,
www.asvspoof.org,1,,,,
www.atlaswang.com,1,,,,
www.audi-electronics-venture.de,1,,,,
www.bachproject.net,1,,,,
www.bdeng.me,1,,,,
www.becalm.eu,1,,,,
www.bindingdb.org,1,,,,
www.bio-lark.org,1,,,,
www.bioasq.org,1,,,,
www.bioqrator.org,1,,,,
www.biostars.org,1,,,,
www.boost.org,1,,,,
www.brainlesion-workshop.org,1,,,,
www.broadinstitute.org,1,,,,
www.cell.com,1,,,,
www.cgal.org,1,,,,
www.chalmers.se,1,,,,
www.chemspider.com,1,,,,
www.chip.de,1,,,,
www.christianhaeger.de,1,,,,
www.chuanxiaz.com,1,,,,
www.chunyuwang.org,1,,,,
www.cir.meduniwien.ac.at,1,,,,
www.circuitbasics.com,1,,,,
www.cis.pku.edu.cn,1,,,,
www.cis.uni-muenchen.de,1,,,,
www.citi.sinica.edu.tw,1,,,,
www.clarin.si,1,,,,
www.cle.org.pk,1,,,,
www.clsp.jhu.edu,1,,,,
www.cluebenchmarks.com,1,,,,
www.cmake.org,1,,,,
www.code2seq.org,1,,,,
www.coe.neu.edu,1,,,,
www.coin-or.org,1,,,,
www.coli.uni-saarland.de,1,,,,
www.comp.nus.edu.sg,1,,,,
www.compriseh2020.eu,1,,,,
www.consortium.ri.cmu.edu,1,,,,
www.coppeliarobotics.com,1,,,,
www.creatis.insa-lyon.fr,1,,,,
www.crummy.com,1,,,,
www.cs.bgu.ac.il,1,,,,
www.cs.bham.ac.uk,1,,,,
www.cs.brandeis.edu,1,,,,
www.cs.bu.edu,1,,,,
www.cs.cityu.edu.hk,1,,,,
www.cs.dartmouth.edu,1,,,,
www.cs.jhu.edu,1,,,,
www.cs.mun.ca,1,,,,
www.cs.nott.ac.uk,1,,,,
www.cs.sfu.ca,1,,,,
www.cs.stanford.edu,1,,,,
www.cs.tut.fi,1,,,,
www.cs.umd.edu,1,,,,
www.cs.utoronto.ca,1,,,,
www.cs.washington.edu,1,,,,
www.cs.wayne.edu,1,,,,
www.csc.edu.cn,1,,,,
www.csc.kth.se,1,,,,
www.cse.oulu.fi,1,,,,
www.cse.ust.hk,1,,,,
www.cse.wustl.edu,1,,,,
www.csie.ntu.edu.tw,1,,,,
www.cv4gc.org,1,,,,
www.cvg.unibe.ch,1,,,,
www.cvl.isy.liu.se,1,,,,
www.cyanogenoid.com,1,,,,
www.dakug.epizy.com,1,,,,
www.darpa.mil,1,,,,
www.data-baker.com,1,,,,
www.daviddlewis.com,1,,,,
www.deepfaker.xyz,1,,,,
www.deezer.com,1,,,,
www.dfki.de,1,,,,
www.di.ens.fr,1,,,,
www.dialog-21.ru,1,,,,
www.dlhub.org,1,,,,
www.dlvc-lab.net,1,,,,
www.doyensahoo.com,1,,,,
www.drauo.de,1,,,,
www.dsp.utoronto.ca,1,,,,
www.dtu.dk,1,,,,
www.ebi.ac.uk,1,,,,
www.ee.iitm.ac.in,1,,,,
www.ee.ntu.edu.tw,1,,,,
www.ee.oulu.fi,1,,,,
www.eee.hku.hk,1,,,,
www.egr.msu.edu,1,,,,
www.elderlab.yorku.ca,1,,,,
www.embs.org,1,,,,
www.emnlp2015.org,1,,,,
www.eprover.org,1,,,,
www.esa.int,1,,,,
www.escience.cn,1,,,,
www.eta-is-opacity.com,1,,,,
www.fandom.com,1,,,,
www.fanfiction.net,1,,,,
www.faroit.com,1,,,,
www.fatml.org,1,,,,
www.fbk.eu,1,,,,
www.feds.ac.cn,1,,,,
www.feihuzhang.com,1,,,,
www.festvox.org,1,,,,
www.fhkingma.com,1,,,,
www.fil.ion.ucl.ac.uk,1,,,,
www.flaticon.com,1,,,,
www.fst.um.edu.mo,1,,,,
www.gaohuang.net,1,,,,
www.geniaproject.org,1,,,,
www.geog.ucsb.edu,1,,,,
www.ghassanalregib.com,1,,,,
www.gineshidalgo.com,1,,,,
www.google.com.hk,1,,,,
www.graphviz.org,1,,,,
www.gujinwei.org,1,,,,
www.hankai.org,1,,,,
www.hcup-us.ahrq.gov,1,,,,
www.heinz.org,1,,,,
www.humanconnectome.org,1,,,,
www.hydrol-earth-syst-sci.net,1,,,,
www.iapr-tc11.org,1,,,,
www.iarpa.gov,1,,,,
www.icml-2011.org,1,,,,
www.ics.uci.edu,1,,,,
www.idris.fr,1,,,,
www.ijcai19.org,1,,,,
www.ika.rwth-aachen.de,1,,,,
www.inceptioniai.org,1,,,,
www.inf.ufrgs.br,1,,,,
www.inference.vc,1,,,,
www.influxdata.com,1,,,,
www.informatik.hu-berlin.de,1,,,,
www.informatik.tudarmstadt.de,1,,,,
www.instagram.com,1,,,,
www.int-arch-photogramm-remote-sens-spatial-inf-sci.net,1,,,,
www.interspeech2019.org,1,,,,
www.irocco.info,1,,,,
www.is.mpg.de,1,,,,
www.isca-speech.org,1,,,,
www.islrn.org,1,,,,
www.iti.gr,1,,,,
www.java2s.com,1,,,,
www.jfhealthcare.com,1,,,,
www.jiansun.org,1,,,,
www.jiaxinli.me,1,,,,
www.jonathanho.me,1,,,,
www.kakaocorp.com,1,,,,
www.kdnuggets.com,1,,,,
www.kexinhuang.com,1,,,,
www.khronos.org,1,,,,
www.kolektorvision.com,1,,,,
www.kth.se,1,,,,
www.leapmotion.com,1,,,,
www.learnthat.org,1,,,,
www.lfb.rwth-aachen.de,1,,,,
www.lfd.uci.edu,1,,,,
www.liaohaofu.com,1,,,,
www.linguist.is,1,,,,
www.linguist.univ-paris-diderot.fr,1,,,,
www.linguistics.rub.de,1,,,,
www.linguistik.hu-berlin.de,1,,,,
www.linliang.net,1,,,,
www.liushuaicheng.org,1,,,,
www.liuyebin.com,1,,,,
www.liweiwang-pku.com,1,,,,
www.lix.polytechnique.fr,1,,,,
www.longyuewang.com,1,,,,
www.lri.fr,1,,,,
www.lsta.upmc.fr,1,,,,
www.lu.se,1,,,,
www.m4.unic.ac.cy,1,,,,
www.malfong.is,1,,,,
www.manga109.org,1,,,,
www.mapillary.com,1,,,,
www.math.nus.edu.sg,1,,,,
www.matthewtancik.com,1,,,,
www.mega-nerd.com,1,,,,
www.mendeley.com,1,,,,
www.menpo.org,1,,,,
www.micc.unifi.it,1,,,,
www.miccai.org,1,,,,
www.microworkers.com,1,,,,
www.mit.edu,1,,,,
www.mitpressjournals.org,1,,,,
www.mixamo.com,1,,,,
www.mongodb.com,1,,,,
www.motaz.me,1,,,,
www.mrpt.org,1,,,,
www.msceleb.org,1,,,,
www.nactem.ac.uk,1,,,,
www.natcorp.ox.ac.uk,1,,,,
www.ncdc.noaa.gov,1,,,,
www.neatvideo.com,1,,,,
www.newsreader-project.eu,1,,,,
www.niessnerlab.org,1,,,,
www.nimh.nih.gov,1,,,,
www.nlm.nih.gov,1,,,,
www.ohdsi.org,1,,,,
www.oliverwang.info,1,,,,
www.ontobee.org,1,,,,
www.openmesh.org,1,,,,
www.oracle.com,1,,,,
www.oreilly.com,1,,,,
www.ota.ox.ac.uk,1,,,,
www.patreon.com,1,,,,
www.paypal.com,1,,,,
www.pbrt.org,1,,,,
www.pexels.com,1,,,,
www.philkr.net,1,,,,
www.phon.ucl.ac.uk,1,,,,
www.pip-installer.org,1,,,,
www.plant-phenotyping.org,1,,,,
www.pluribus-one.it,1,,,,
www.pnas.org,1,,,,
www.ponomarenko.info,1,,,,
www.professoren.tum.de,1,,,,
www.psych.ualberta.ca,1,,,,
www.putty.org,1,,,,
www.qinzy.tech,1,,,,
www.qizhexie.com,1,,,,
www.raaj.tech,1,,,,
www.raspberrypi.org,1,,,,
www.relja.info,1,,,,
www.remove.bg,1,,,,
www.repostatus.org,1,,,,
www.resetera.com,1,,,,
www.retinai.com,1,,,,
www.ri.cmu.edu,1,,,,
www.riedelcastro.org,1,,,,
www.riverbankcomputing.com,1,,,,
www.roboti.us,1,,,,
www.roboticvision.org,1,,,,
www.romanklinger.de,1,,,,
www.ros.org,1,,,,
www.rsna.org,1,,,,
www.ruby-lang.org,1,,,,
www.rwth-aachen.de,1,,,,
www.sdss.org,1,,,,
www.semantic-kitti.org,1,,,,
www.sfu.ca,1,,,,
www.shangchenzhou.com,1,,,,
www.shaoqingren.com,1,,,,
www.simonlucey.com,1,,,,
www.sintef.no,1,,,,
www.skamalas.com,1,,,,
www.slicer.org,1,,,,
www.smir.ch,1,,,,
www.spatialresearch.org,1,,,,
www.sridhargopinath.in,1,,,,
www.stanford.edu,1,,,,
www.stat.berkeley.edu,1,,,,
www.statler.wvu.edu,1,,,,
www.statnlp.org,1,,,,
www.statsmodels.org,1,,,,
www.streamlit.io,1,,,,
www.stud.fit.vutbr.cz,1,,,,
www.sun11.me,1,,,,
www.svrhm2019.com,1,,,,
www.sympy.org,1,,,,
www.synopsys.com,1,,,,
www.synsig.org,1,,,,
www.sysu-hcp.net,1,,,,
www.t3db.ca,1,,,,
www.tanksandtemples.org,1,,,,
www.theguardian.com,1,,,,
www.timeseriesclassification.com,1,,,,
www.tk.de,1,,,,
www.tonyduan.com,1,,,,
www.tri.global,1,,,,
www.tugraz.at,1,,,,
www.uc3m.es,1,,,,
www.uibk.ac.at,1,,,,
www.uni-konstanz.de,1,,,,
www.uni-saarland.de,1,,,,
www.uni-ulm.de,1,,,,
www.uniprot.org,1,,,,
www.unitn.it,1,,,,
www.univ-paris-est.fr,1,,,,
www.upenn.edu%5d%5buniversity,1,,,,
www.upf.edu,1,,,,
www.usenix.org,1,,,,
www.vanguardngr.com,1,,,,
www.vc-challenge.org,1,,,,
www.vie.group,1,,,,
www.viratdata.org,1,,,,
www.vis.uni-stuttgart.de,1,,,,
www.vision.caltech.edu.s3-us-west-2.amazonaws.com,1,,,,
www.vision.rwth-aachen.de,1,,,,
www.visualstudio.com,1,,,,
www.voiceprivacychallenge.org,1,,,,
www.water-mirror.com,1,,,,
www.weijiesu.com,1,,,,
www.wikiart.org,1,,,,
www.wikidata.org,1,,,,
www.wvc2018.com.br,1,,,,
www.xilinx.com,1,,,,
www.xloong.wang,1,,,,
www.xtao.website,1,,,,
www.yalaudah.com,1,,,,
www.yangkailun.com,1,,,,
www.ye-yuan.com,1,,,,
www.yixin.io,1,,,,
www.zhangyinda.com,1,,,,
www.zhichaolu.com,1,,,,
www.zongweiz.com,1,,,,
www.zotero.org,1,,,,
www2.informatik.hu-berlin.de,1,,,,
www2.seas.gwu.edu,1,,,,
www2.warwick.ac.uk,1,,,,
www5.zzu.edu.cn,1,,,,
wyqdatabase.s3-us-west-1.amazonaws.com,1,,,,
wzhang34.github.io,1,,,,
xbpeng.github.io,1,,,,
xh-liu.github.io,1,,,,
xiangdonglai.github.io,1,,,,
xiaohangzhan.github.io,1,,,,
xingyul.github.io,1,,,,
xixili-2.wixsite.com,1,,,,
xlsxwriter.readthedocs.io,1,,,,
xnmt.readthedocs.io,1,,,,
xpixel.group,1,,,,
xuanchiren.com,1,,,,
xuyinxuyin.github.io,1,,,,
yadi.sk,1,,,,
yalesong.github.io,1,,,,
yanfei.site,1,,,,
yanfeng0096.com,1,,,,
yang7879.github.io,1,,,,
yanglab.nankai.edu.cn,1,,,,
yanglei.me,1,,,,
yanke23.com,1,,,,
yanran.li,1,,,,
yanxp.github.io,1,,,,
yapengtian.org,1,,,,
yashuseth.blog,1,,,,
ycui.me,1,,,,
yien01-my.sharepoint.com,1,,,,
yifita.github.io,1,,,,
yihsinchen.github.io,1,,,,
yilunchen.com,1,,,,
yisun.io,1,,,,
yjchoe.github.io,1,,,,
yjxiong.me,1,,,,
ylabbe.github.io,1,,,,
yoavartzi.com,1,,,,
yonatanbisk.com,1,,,,
ypw.io,1,,,,
yu-li.github.io,1,,,,
yubowen-ph.github.io,1,,,,
yuchenlin.xyz,1,,,,
yuhao.im,1,,,,
yulanguo.me,1,,,,
yunseokjang.github.io,1,,,,
yurongyou.com,1,,,,
yzou2.github.io,1,,,,
zdoom.org,1,,,,
zero-lab-pku.github.io,1,,,,
zerospeech.com,1,,,,
zhanghaowu.me,1,,,,
zhangwenwei.cn,1,,,,
zhanwenchen,1,,,,
zhijiew94.github.io,1,,,,
zhiqiangshen.com,1,,,,
zhongyuezhang.com,1,,,,
zhouyangvcc.github.io,1,,,,
zihangjiang.github.io,1,,,,
zju3dv.github.io,1,,,,
zjueducn-my.sharepoint.com,1,,,,
zjuela.github.io,1,,,,
zlinao.github.io,1,,,,
zlthinker.github.io,1,,,,
zpdesu.github.io,1,,,,
zptu.net,1,,,,
zulko.github.io,1,,,,
zxlation.github.io,1,,,,
zzs1994.github.io,1,,,,
